{
    "CLINC-Single-Domain-OOS-credit_cards--train--1": {
        "original dialog id": "",
        "dialog index": 1,
        "original dialog info": {
            "task": "Intent Detection. The system response is the corresponding intent."
        },
        "log": {
            "turn id": 1,
            "user utterance": "i wanna know my credit rating now",
            "system response": "credit_score",
            "dialog history": "",
            "original user side information": {},
            "original system side information": {},
            "external knowledge": ""
        }
    },
    "CLINC-Single-Domain-OOS-credit_cards--train--2": {
        "original dialog id": "",
        "dialog index": 2,
        "original dialog info": {
            "task": "Intent Detection. The system response is the corresponding intent."
        },
        "log": {
            "turn id": 1,
            "user utterance": "i really wanna know my credit score",
            "system response": "credit_score",
            "dialog history": "",
            "original user side information": {},
            "original system side information": {},
            "external knowledge": ""
        }
    },
    "CLINC-Single-Domain-OOS-credit_cards--train--3": {
        "original dialog id": "",
        "dialog index": 3,
        "original dialog info": {
            "task": "Intent Detection. The system response is the corresponding intent."
        },
        "log": {
            "turn id": 1,
            "user utterance": "whats my credit rating",
            "system response": "credit_score",
            "dialog history": "",
            "original user side information": {},
            "original system side information": {},
            "external knowledge": ""
        }
    },
    "CLINC-Single-Domain-OOS-credit_cards--train--4": {
        "original dialog id": "",
        "dialog index": 4,
        "original dialog info": {
            "task": "Intent Detection. The system response is the corresponding intent."
        },
        "log": {
            "turn id": 1,
            "user utterance": "can you tell me my credit score",
            "system response": "credit_score",
            "dialog history": "",
            "original user side information": {},
            "original system side information": {},
            "external knowledge": ""
        }
    },
    "CLINC-Single-Domain-OOS-credit_cards--train--5": {
        "original dialog id": "",
        "dialog index": 5,
        "original dialog info": {
            "task": "Intent Detection. The system response is the corresponding intent."
        },
        "log": {
            "turn id": 1,
            "user utterance": "please look up my credit score",
            "system response": "credit_score",
            "dialog history": "",
            "original user side information": {},
            "original system side information": {},
            "external knowledge": ""
        }
    }
}