{
    "ATIS--train--1": {
        "original dialog id": "",
        "dialog index": 1,
        "original dialog info": {
            "task": "Intent Detection. The system response is the corresponding intent."
        },
        "log": {
            "turn id": 1,
            "user utterance": "i want to fly from baltimore to dallas round trip",
            "system response": "atis_flight",
            "dialog history": "",
            "original user side information": {},
            "original system side information": {},
            "external knowledge": ""
        }
    },
    "ATIS--train--2": {
        "original dialog id": "",
        "dialog index": 2,
        "original dialog info": {
            "task": "Intent Detection. The system response is the corresponding intent."
        },
        "log": {
            "turn id": 1,
            "user utterance": "round trip fares from baltimore to philadelphia less than 1000 dollars round trip fares from denver to philadelphia less than 1000 dollars round trip fares from pittsburgh to philadelphia less than 1000 dollars",
            "system response": "atis_airfare",
            "dialog history": "",
            "original user side information": {},
            "original system side information": {},
            "external knowledge": ""
        }
    },
    "ATIS--train--3": {
        "original dialog id": "",
        "dialog index": 3,
        "original dialog info": {
            "task": "Intent Detection. The system response is the corresponding intent."
        },
        "log": {
            "turn id": 1,
            "user utterance": "show me the flights arriving on baltimore on june fourteenth",
            "system response": "atis_flight",
            "dialog history": "",
            "original user side information": {},
            "original system side information": {},
            "external knowledge": ""
        }
    },
    "ATIS--train--4": {
        "original dialog id": "",
        "dialog index": 4,
        "original dialog info": {
            "task": "Intent Detection. The system response is the corresponding intent."
        },
        "log": {
            "turn id": 1,
            "user utterance": "what are the flights which depart from san francisco fly to washington via indianapolis and arrive by 9 pm",
            "system response": "atis_flight",
            "dialog history": "",
            "original user side information": {},
            "original system side information": {},
            "external knowledge": ""
        }
    },
    "ATIS--train--5": {
        "original dialog id": "",
        "dialog index": 5,
        "original dialog info": {
            "task": "Intent Detection. The system response is the corresponding intent."
        },
        "log": {
            "turn id": 1,
            "user utterance": "which airlines fly from boston to washington dc via other cities",
            "system response": "atis_airline",
            "dialog history": "",
            "original user side information": {},
            "original system side information": {},
            "external knowledge": ""
        }
    }
}