{
    "DSTC8-SGD--train--1": {
        "original dialog id": "27_001082",
        "dialog index": 2,
        "original dialog info": {
            "task": "Slot Filling. They system response is the corresponding slot-values format: 'slot: value; ...; slot: value'",
            "context": {
                "requestedSlots": [
                    "to_location"
                ]
            },
            "labels": [
                {
                    "slot": "to_location",
                    "valueSpan": {
                        "startIndex": 16,
                        "endIndex": 24
                    }
                }
            ],
            "id": "27_001082",
            "splitKey": 1.0
        },
        "log": {
            "turn id": 1,
            "user utterance": "I want to visit New York.",
            "system response": "to_location: New York",
            "dialog history": "",
            "original user side information": {},
            "original system side information": [
                {
                    "slot": "to_location",
                    "valueSpan": {
                        "startIndex": 16,
                        "endIndex": 24
                    },
                    "value": "New York"
                }
            ],
            "external knowledge": ""
        }
    },
    "DSTC8-SGD--train--2": {
        "original dialog id": "27_001084",
        "dialog index": 3,
        "original dialog info": {
            "task": "Slot Filling. They system response is the corresponding slot-values format: 'slot: value; ...; slot: value'",
            "context": {
                "requestedSlots": [
                    "leaving_date",
                    "from_location"
                ]
            },
            "labels": [
                {
                    "slot": "leaving_date",
                    "valueSpan": {
                        "startIndex": 40,
                        "endIndex": 53
                    }
                },
                {
                    "slot": "from_location",
                    "valueSpan": {
                        "startIndex": 22,
                        "endIndex": 32
                    }
                }
            ],
            "id": "27_001084",
            "splitKey": 1.0
        },
        "log": {
            "turn id": 1,
            "user utterance": "I am leaving out from Washington on the 11th of March.",
            "system response": "leaving_date: 11th of March; from_location: Washington",
            "dialog history": "",
            "original user side information": {},
            "original system side information": [
                {
                    "slot": "leaving_date",
                    "valueSpan": {
                        "startIndex": 40,
                        "endIndex": 53
                    },
                    "value": "11th of March"
                },
                {
                    "slot": "from_location",
                    "valueSpan": {
                        "startIndex": 22,
                        "endIndex": 32
                    },
                    "value": "Washington"
                }
            ],
            "external knowledge": ""
        }
    },
    "DSTC8-SGD--train--3": {
        "original dialog id": "27_001090",
        "dialog index": 12,
        "original dialog info": {
            "task": "Slot Filling. They system response is the corresponding slot-values format: 'slot: value; ...; slot: value'",
            "context": {},
            "labels": [
                {
                    "slot": "to_location",
                    "valueSpan": {
                        "startIndex": 43,
                        "endIndex": 45
                    }
                },
                {
                    "slot": "from_location",
                    "valueSpan": {
                        "startIndex": 32,
                        "endIndex": 39
                    }
                }
            ],
            "id": "27_001090",
            "splitKey": 1.0
        },
        "log": {
            "turn id": 1,
            "user utterance": "Is there a bus that leaves from Anaheim to SD?",
            "system response": "to_location: SD; from_location: Anaheim",
            "dialog history": "",
            "original user side information": {},
            "original system side information": [
                {
                    "slot": "to_location",
                    "valueSpan": {
                        "startIndex": 43,
                        "endIndex": 45
                    },
                    "value": "SD"
                },
                {
                    "slot": "from_location",
                    "valueSpan": {
                        "startIndex": 32,
                        "endIndex": 39
                    },
                    "value": "Anaheim"
                }
            ],
            "external knowledge": ""
        }
    },
    "DSTC8-SGD--train--4": {
        "original dialog id": "27_001092",
        "dialog index": 13,
        "original dialog info": {
            "task": "Slot Filling. They system response is the corresponding slot-values format: 'slot: value; ...; slot: value'",
            "context": {
                "requestedSlots": [
                    "leaving_date"
                ]
            },
            "labels": [
                {
                    "slot": "leaving_date",
                    "valueSpan": {
                        "endIndex": 18
                    }
                }
            ],
            "id": "27_001092",
            "splitKey": 1.0
        },
        "log": {
            "turn id": 1,
            "user utterance": "Thursday next week for four people.",
            "system response": "leaving_date: Thursday next week",
            "dialog history": "",
            "original user side information": {},
            "original system side information": [
                {
                    "slot": "leaving_date",
                    "valueSpan": {
                        "endIndex": 18
                    },
                    "value": "Thursday next week"
                }
            ],
            "external knowledge": ""
        }
    },
    "DSTC8-SGD--train--5": {
        "original dialog id": "27_001094",
        "dialog index": 14,
        "original dialog info": {
            "task": "Slot Filling. They system response is the corresponding slot-values format: 'slot: value; ...; slot: value'",
            "context": {},
            "labels": [
                {
                    "slot": "from_location",
                    "valueSpan": {
                        "startIndex": 36,
                        "endIndex": 39
                    }
                }
            ],
            "id": "27_001094",
            "splitKey": 1.0
        },
        "log": {
            "turn id": 1,
            "user utterance": "Anything else for three people from LAX?",
            "system response": "from_location: LAX",
            "dialog history": "",
            "original user side information": {},
            "original system side information": [
                {
                    "slot": "from_location",
                    "valueSpan": {
                        "startIndex": 36,
                        "endIndex": 39
                    },
                    "value": "LAX"
                }
            ],
            "external knowledge": ""
        }
    }
}