[
    {
        "userInput": {
            "text": "I want to visit New York."
        },
        "context": {
            "requestedSlots": [
                "to_location"
            ]
        },
        "labels": [
            {
                "slot": "to_location",
                "valueSpan": {
                    "startIndex": 16,
                    "endIndex": 24
                }
            }
        ],
        "id": "27_001082",
        "splitKey": 1.0
    },
    {
        "userInput": {
            "text": "I am leaving out from Washington on the 11th of March."
        },
        "context": {
            "requestedSlots": [
                "leaving_date",
                "from_location"
            ]
        },
        "labels": [
            {
                "slot": "leaving_date",
                "valueSpan": {
                    "startIndex": 40,
                    "endIndex": 53
                }
            },
            {
                "slot": "from_location",
                "valueSpan": {
                    "startIndex": 22,
                    "endIndex": 32
                }
            }
        ],
        "id": "27_001084",
        "splitKey": 1.0
    },
    {
        "userInput": {
            "text": "Is there a bus that leaves from Anaheim to SD?"
        },
        "context": {},
        "labels": [
            {
                "slot": "to_location",
                "valueSpan": {
                    "startIndex": 43,
                    "endIndex": 45
                }
            },
            {
                "slot": "from_location",
                "valueSpan": {
                    "startIndex": 32,
                    "endIndex": 39
                }
            }
        ],
        "id": "27_001090",
        "splitKey": 1.0
    },
    {
        "userInput": {
            "text": "Thursday next week for four people."
        },
        "context": {
            "requestedSlots": [
                "leaving_date"
            ]
        },
        "labels": [
            {
                "slot": "leaving_date",
                "valueSpan": {
                    "endIndex": 18
                }
            }
        ],
        "id": "27_001092",
        "splitKey": 1.0
    },
    {
        "userInput": {
            "text": "Anything else for three people from LAX?"
        },
        "context": {},
        "labels": [
            {
                "slot": "from_location",
                "valueSpan": {
                    "startIndex": 36,
                    "endIndex": 39
                }
            }
        ],
        "id": "27_001094",
        "splitKey": 1.0
    }
]