{
    "id": [
        "0xab38710",
        "0x223f6d5e",
        "0x6789b32a",
        "0x7304a92a",
        "0x7470f02a"
    ],
    "dialog_id": [
        "0xab38710",
        "0x223f6d5e",
        "0x6789b32a",
        "0x7304a92a",
        "0x7470f02a"
    ],
    "dialog": [
        [
            {
                "id": 0,
                "sender": "participant2",
                "text": "I love iphone! i just bought new iphone!",
                "sender_class": "Bot"
            },
            {
                "id": 1,
                "sender": "participant1",
                "text": "Thats good for you, i'm not very into new tech",
                "sender_class": "Human"
            },
            {
                "id": 2,
                "sender": "participant2",
                "text": "I am a college student and i am a college student",
                "sender_class": "Bot"
            },
            {
                "id": 3,
                "sender": "participant1",
                "text": "I am go to gym and live on donations",
                "sender_class": "Human"
            },
            {
                "id": 4,
                "sender": "participant2",
                "text": "I am a vegan and i am in the midwest",
                "sender_class": "Bot"
            },
            {
                "id": 5,
                "sender": "participant1",
                "text": "So vegan... i have dogs maybe i should told then that they may eat cheap salads insted of meat",
                "sender_class": "Human"
            },
            {
                "id": 6,
                "sender": "participant2",
                "text": "I would not mind having them in the office that would be hard for me",
                "sender_class": "Bot"
            },
            {
                "id": 7,
                "sender": "participant1",
                "text": "Dogs or vegan in office?",
                "sender_class": "Human"
            },
            {
                "id": 8,
                "sender": "participant2",
                "text": "I am a vegetarian so i am vegan",
                "sender_class": "Bot"
            },
            {
                "id": 9,
                "sender": "participant1",
                "text": "Strange answer",
                "sender_class": "Human"
            },
            {
                "id": 10,
                "sender": "participant2",
                "text": "I guess i just do not know what to ps4 experience with.",
                "sender_class": "Bot"
            }
        ],
        [
            {
                "id": 0,
                "sender": "participant1",
                "text": "Hello",
                "sender_class": "Human"
            },
            {
                "id": 1,
                "sender": "participant1",
                "text": "/test",
                "sender_class": "Human"
            }
        ],
        [
            {
                "id": 0,
                "sender": "participant1",
                "text": "Hey",
                "sender_class": "Human"
            },
            {
                "id": 1,
                "sender": "participant1",
                "text": "What do you do?",
                "sender_class": "Human"
            }
        ],
        [
            {
                "id": 0,
                "sender": "participant2",
                "text": "I love painting, i love to paint",
                "sender_class": "Bot"
            }
        ],
        [
            {
                "id": 0,
                "sender": "participant1",
                "text": "Hello",
                "sender_class": "Human"
            }
        ]
    ],
    "bot_profile": [
        [
            [
                "i",
                " ",
                "h",
                "a",
                "v",
                "e",
                " ",
                "a",
                "m",
                "a",
                "z",
                "i",
                "n",
                "g",
                " ",
                "c",
                "h",
                "i",
                "l",
                "d",
                "r",
                "e",
                "n",
                " ",
                "a",
                "n",
                "d",
                " ",
                "g",
                "r",
                "a",
                "n",
                "d",
                "c",
                "h",
                "i",
                "l",
                "d",
                "r",
                "e",
                "n",
                "."
            ],
            [
                "i",
                " ",
                "c",
                "a",
                "n",
                " ",
                "s",
                "e",
                "w",
                " ",
                "m",
                "y",
                " ",
                "o",
                "w",
                "n",
                " ",
                "c",
                "l",
                "o",
                "t",
                "h",
                "e",
                "s",
                "."
            ],
            [
                "i",
                " ",
                "h",
                "a",
                "d",
                " ",
                "c",
                "a",
                "n",
                "c",
                "e",
                "r",
                " ",
                "b",
                "u",
                "t",
                " ",
                "i",
                "t",
                "s",
                " ",
                "g",
                "o",
                "n",
                "e",
                " ",
                "n",
                "o",
                "w",
                "."
            ],
            [
                "i",
                " ",
                "a",
                "m",
                " ",
                "r",
                "e",
                "t",
                "i",
                "r",
                "e",
                "d",
                " ",
                "a",
                "n",
                "d",
                " ",
                "l",
                "i",
                "v",
                "i",
                "n",
                "g",
                " ",
                "t",
                "h",
                "e",
                " ",
                "g",
                "r",
                "e",
                "a",
                "t",
                " ",
                "l",
                "i",
                "f",
                "e",
                "."
            ],
            [
                "i",
                " ",
                "d",
                "o",
                " ",
                "n",
                "o",
                "t",
                " ",
                "h",
                "a",
                "v",
                "e",
                " ",
                "a",
                " ",
                "s",
                "m",
                "a",
                "r",
                "t",
                "p",
                "h",
                "o",
                "n",
                "e",
                "."
            ]
        ],
        [
            [
                "m",
                "y",
                " ",
                "f",
                "a",
                "t",
                "h",
                "e",
                "r",
                " ",
                "w",
                "a",
                "s",
                " ",
                "a",
                " ",
                "d",
                "o",
                "o",
                "r",
                " ",
                "t",
                "o",
                " ",
                "d",
                "o",
                "o",
                "r",
                " ",
                "s",
                "a",
                "l",
                "e",
                "s",
                "m",
                "a",
                "n",
                "."
            ],
            [
                "i",
                "'",
                "v",
                "e",
                " ",
                "t",
                "h",
                "r",
                "e",
                "e",
                " ",
                "d",
                "o",
                "g",
                "s",
                "."
            ],
            [
                "i",
                " ",
                "a",
                "m",
                " ",
                "i",
                "n",
                " ",
                "a",
                "n",
                " ",
                "o",
                "p",
                "e",
                "n",
                " ",
                "p",
                "o",
                "l",
                "y",
                "a",
                "m",
                "o",
                "r",
                "o",
                "u",
                "s",
                " ",
                "r",
                "e",
                "l",
                "a",
                "t",
                "i",
                "o",
                "n",
                "s",
                "h",
                "i",
                "p",
                "."
            ],
            [
                "i",
                " ",
                "a",
                "l",
                "s",
                "o",
                " ",
                "h",
                "a",
                "v",
                "e",
                " ",
                "a",
                " ",
                "d",
                "o",
                "g",
                " ",
                "w",
                "a",
                "l",
                "k",
                "i",
                "n",
                "g",
                " ",
                "b",
                "u",
                "s",
                "i",
                "n",
                "e",
                "s",
                "s",
                "."
            ]
        ],
        [
            [
                "i",
                " ",
                "a",
                "m",
                " ",
                "a",
                " ",
                "g",
                "o",
                "l",
                "d",
                " ",
                "m",
                "e",
                "d",
                "a",
                "l",
                "i",
                "s",
                "t",
                " ",
                "o",
                "l",
                "y",
                "m",
                "p",
                "i",
                "a",
                "n",
                "."
            ],
            [
                "i",
                " ",
                "l",
                "o",
                "v",
                "e",
                " ",
                "i",
                "t",
                "a",
                "l",
                "i",
                "a",
                "n",
                " ",
                "f",
                "o",
                "o",
                "d",
                " ",
                "a",
                "n",
                "d",
                " ",
                "g",
                "a",
                "r",
                "l",
                "i",
                "c",
                " ",
                "b",
                "r",
                "e",
                "a",
                "d",
                "."
            ],
            [
                "m",
                "y",
                " ",
                "f",
                "a",
                "v",
                "o",
                "r",
                "i",
                "t",
                "e",
                " ",
                "c",
                "o",
                "l",
                "o",
                "r",
                " ",
                "i",
                "s",
                " ",
                "y",
                "e",
                "l",
                "l",
                "o",
                "w",
                "."
            ],
            [
                "g",
                "y",
                "m",
                "n",
                "a",
                "s",
                "t",
                "i",
                "c",
                "s",
                " ",
                "i",
                "s",
                " ",
                "m",
                "y",
                " ",
                "f",
                "a",
                "v",
                "o",
                "r",
                "i",
                "t",
                "e",
                " ",
                "s",
                "p",
                "o",
                "r",
                "t",
                "."
            ],
            [
                "i",
                " ",
                "w",
                "o",
                "r",
                "k",
                "o",
                "u",
                "t",
                " ",
                "f",
                "o",
                "u",
                "r",
                " ",
                "h",
                "o",
                "u",
                "r",
                "s",
                " ",
                "a",
                " ",
                "d",
                "a",
                "y",
                "."
            ]
        ],
        [
            [
                "i",
                " ",
                "f",
                "a",
                "n",
                "t",
                "a",
                "s",
                "i",
                "z",
                "e",
                " ",
                "a",
                "b",
                "o",
                "u",
                "t",
                " ",
                "t",
                "a",
                "k",
                "i",
                "n",
                "g",
                " ",
                "o",
                "v",
                "e",
                "r",
                " ",
                "t",
                "h",
                "e",
                " ",
                "w",
                "o",
                "r",
                "l",
                "d",
                "."
            ],
            [
                "i",
                "'",
                "m",
                " ",
                "a",
                " ",
                "5",
                "6",
                " ",
                "y",
                "e",
                "a",
                "r",
                " ",
                "o",
                "l",
                "d",
                " ",
                "w",
                "o",
                "m",
                "a",
                "n",
                "."
            ],
            [
                "i",
                " ",
                "h",
                "a",
                "v",
                "e",
                " ",
                "t",
                "w",
                "o",
                " ",
                "g",
                "r",
                "o",
                "w",
                "n",
                " ",
                "c",
                "h",
                "i",
                "l",
                "d",
                "r",
                "e",
                "n",
                " ",
                "w",
                "h",
                "o",
                " ",
                "n",
                "e",
                "v",
                "e",
                "r",
                " ",
                "v",
                "i",
                "s",
                "i",
                "t",
                "."
            ],
            [
                "i",
                " ",
                "u",
                "s",
                "e",
                "d",
                " ",
                "t",
                "o",
                " ",
                "b",
                "e",
                " ",
                "a",
                " ",
                "p",
                "a",
                "i",
                "n",
                "t",
                "e",
                "r",
                " ",
                "b",
                "u",
                "t",
                " ",
                "n",
                "o",
                "w",
                " ",
                "i",
                " ",
                "a",
                "m",
                " ",
                "a",
                " ",
                "h",
                "o",
                "u",
                "s",
                "e",
                "k",
                "e",
                "e",
                "p",
                "e",
                "r",
                "."
            ]
        ],
        [
            [
                "i",
                " ",
                "a",
                "m",
                " ",
                "4",
                "0",
                " ",
                "y",
                "e",
                "a",
                "r",
                "s",
                " ",
                "o",
                "l",
                "d",
                "."
            ],
            [
                "i",
                " ",
                "w",
                "o",
                "r",
                "k",
                " ",
                "a",
                "s",
                " ",
                "a",
                " ",
                "c",
                "a",
                "r",
                " ",
                "s",
                "a",
                "l",
                "e",
                "s",
                "m",
                "a",
                "n",
                "."
            ],
            [
                "m",
                "y",
                " ",
                "w",
                "i",
                "f",
                "e",
                " ",
                "s",
                "p",
                "e",
                "n",
                "d",
                "s",
                " ",
                "a",
                "l",
                "l",
                " ",
                "m",
                "y",
                " ",
                "m",
                "o",
                "n",
                "e",
                "y",
                "."
            ],
            [
                "i",
                " ",
                "h",
                "a",
                "t",
                "e",
                " ",
                "m",
                "y",
                " ",
                "j",
                "o",
                "b",
                "."
            ],
            [
                "i",
                "'",
                "m",
                " ",
                "p",
                "l",
                "a",
                "n",
                "n",
                "i",
                "n",
                "g",
                " ",
                "o",
                "n",
                " ",
                "g",
                "e",
                "t",
                "t",
                "i",
                "n",
                "g",
                " ",
                "a",
                " ",
                "d",
                "i",
                "v",
                "o",
                "r",
                "c",
                "e",
                "."
            ]
        ]
    ],
    "user_profile": [
        [
            [
                "t",
                "w",
                "o",
                " ",
                "d",
                "o",
                "g",
                "s",
                " ",
                "l",
                "i",
                "v",
                "e",
                " ",
                "w",
                "i",
                "t",
                "h",
                " ",
                "m",
                "e",
                "."
            ],
            [
                "i",
                " ",
                "l",
                "i",
                "k",
                "e",
                " ",
                "d",
                "o",
                "i",
                "n",
                "g",
                " ",
                "t",
                "h",
                "e",
                " ",
                "t",
                "r",
                "e",
                "a",
                "d",
                "m",
                "i",
                "l",
                "l",
                " ",
                "a",
                "n",
                "d",
                " ",
                "r",
                "o",
                "w",
                "i",
                "n",
                "g",
                " ",
                "m",
                "a",
                "c",
                "h",
                "i",
                "n",
                "e",
                "."
            ],
            [
                "e",
                "a",
                "t",
                "i",
                "n",
                "g",
                " ",
                "i",
                "s",
                " ",
                "s",
                "o",
                "m",
                "e",
                "t",
                "h",
                "i",
                "n",
                "g",
                " ",
                "i",
                " ",
                "d",
                "o",
                " ",
                "w",
                "h",
                "e",
                "n",
                " ",
                "i",
                "'",
                "m",
                " ",
                "b",
                "o",
                "r",
                "e",
                "d",
                "."
            ],
            [
                "i",
                " ",
                "h",
                "a",
                "v",
                "e",
                " ",
                "s",
                "h",
                "o",
                "r",
                "t",
                " ",
                "h",
                "a",
                "i",
                "r",
                "."
            ],
            [
                "i",
                " ",
                "g",
                "o",
                " ",
                "t",
                "o",
                " ",
                "t",
                "h",
                "e",
                " ",
                "g",
                "y",
                "m",
                " ",
                "r",
                "e",
                "g",
                "u",
                "l",
                "a",
                "r",
                "l",
                "y",
                "."
            ]
        ],
        [
            [
                "i",
                "f",
                " ",
                "i",
                "'",
                "m",
                " ",
                "n",
                "o",
                "t",
                " ",
                "c",
                "o",
                "o",
                "k",
                "i",
                "n",
                "g",
                " ",
                "i",
                "n",
                " ",
                "t",
                "h",
                "e",
                " ",
                "k",
                "i",
                "t",
                "c",
                "h",
                "e",
                "n",
                " ",
                "t",
                "h",
                "e",
                "n",
                " ",
                "i",
                "'",
                "m",
                " ",
                "d",
                "e",
                "f",
                "i",
                "n",
                "i",
                "t",
                "e",
                "l",
                "y",
                " ",
                "o",
                "n",
                " ",
                "t",
                "h",
                "e",
                " ",
                "w",
                "a",
                "t",
                "e",
                "r",
                "."
            ],
            [
                "s",
                "p",
                "i",
                "d",
                "e",
                "r",
                "m",
                "a",
                "n",
                " ",
                "i",
                "s",
                " ",
                "m",
                "y",
                " ",
                "f",
                "a",
                "v",
                "o",
                "r",
                "i",
                "t",
                "e",
                "."
            ],
            [
                "h",
                "e",
                "y",
                " ",
                "m",
                "y",
                " ",
                "n",
                "a",
                "m",
                "e",
                " ",
                "i",
                "s",
                " ",
                "l",
                "a",
                "r",
                "r",
                "y",
                " ",
                "a",
                "n",
                "d",
                " ",
                "i",
                " ",
                "a",
                "m",
                " ",
                "a",
                " ",
                "c",
                "h",
                "e",
                "f",
                "."
            ],
            [
                "l",
                " ",
                "a",
                "l",
                "s",
                "o",
                " ",
                "l",
                "o",
                "v",
                "e",
                " ",
                "c",
                "o",
                "m",
                "i",
                "c",
                " ",
                "b",
                "o",
                "o",
                "k",
                "s",
                "."
            ],
            [
                "i",
                " ",
                "l",
                "o",
                "v",
                "e",
                " ",
                "c",
                "o",
                "o",
                "k",
                "i",
                "n",
                "g",
                " ",
                "b",
                "u",
                "t",
                " ",
                "i",
                " ",
                "a",
                "l",
                "s",
                "o",
                " ",
                "e",
                "n",
                "j",
                "o",
                "y",
                " ",
                "f",
                "i",
                "s",
                "h",
                "i",
                "n",
                "g",
                "."
            ]
        ],
        [
            [
                "i",
                "'",
                "v",
                "e",
                " ",
                "a",
                " ",
                "g",
                "e",
                "r",
                "m",
                "a",
                "n",
                " ",
                "s",
                "h",
                "e",
                "p",
                "h",
                "e",
                "r",
                "d",
                " ",
                "d",
                "o",
                "g",
                "."
            ],
            [
                "i",
                " ",
                "l",
                "i",
                "v",
                "e",
                " ",
                "i",
                "s",
                " ",
                "a",
                " ",
                "r",
                "u",
                "r",
                "a",
                "l",
                " ",
                "f",
                "a",
                "r",
                "m",
                "i",
                "n",
                "g",
                " ",
                "c",
                "o",
                "m",
                "m",
                "u",
                "n",
                "i",
                "t",
                "y",
                "."
            ],
            [
                "m",
                "y",
                " ",
                "h",
                "u",
                "s",
                "b",
                "a",
                "n",
                "d",
                " ",
                "i",
                "s",
                " ",
                "a",
                "d",
                "o",
                "p",
                "t",
                "e",
                "d",
                "."
            ],
            [
                "i",
                " ",
                "l",
                "i",
                "k",
                "e",
                " ",
                "t",
                "o",
                " ",
                "w",
                "a",
                "t",
                "c",
                "h",
                " ",
                "n",
                "h",
                "l",
                " ",
                "h",
                "o",
                "c",
                "k",
                "e",
                "y",
                "."
            ]
        ],
        [
            [
                "i",
                " ",
                "l",
                "i",
                "k",
                "e",
                " ",
                "w",
                "a",
                "t",
                "c",
                "h",
                "i",
                "n",
                "g",
                " ",
                "w",
                "a",
                "r",
                " ",
                "d",
                "o",
                "c",
                "u",
                "m",
                "e",
                "n",
                "t",
                "a",
                "r",
                "i",
                "e",
                "s",
                "."
            ],
            [
                "i",
                " ",
                "v",
                "o",
                "l",
                "u",
                "n",
                "t",
                "e",
                "e",
                "r",
                " ",
                "a",
                "t",
                " ",
                "a",
                " ",
                "s",
                "o",
                "u",
                "p",
                " ",
                "k",
                "i",
                "t",
                "c",
                "h",
                "e",
                "n",
                "."
            ],
            [
                "c",
                "h",
                "e",
                "e",
                "s",
                "e",
                "b",
                "u",
                "r",
                "g",
                "e",
                "r",
                "s",
                " ",
                "a",
                "r",
                "e",
                " ",
                "m",
                "y",
                " ",
                "f",
                "a",
                "v",
                "o",
                "r",
                "i",
                "t",
                "e",
                " ",
                "f",
                "o",
                "o",
                "d",
                "."
            ],
            [
                "i",
                " ",
                "w",
                "a",
                "s",
                " ",
                "p",
                "o",
                "o",
                "r",
                " ",
                "g",
                "r",
                "o",
                "w",
                "i",
                "n",
                "g",
                " ",
                "u",
                "p",
                "."
            ],
            [
                "i",
                "'",
                "m",
                " ",
                "a",
                " ",
                "r",
                "e",
                "t",
                "i",
                "r",
                "e",
                "d",
                " ",
                "g",
                "y",
                "m",
                " ",
                "t",
                "e",
                "a",
                "c",
                "h",
                "e",
                "r",
                "."
            ]
        ],
        [
            [
                "i",
                " ",
                "w",
                "o",
                "r",
                "k",
                " ",
                "f",
                "o",
                "r",
                " ",
                "o",
                "u",
                "r",
                " ",
                "l",
                "o",
                "c",
                "a",
                "l",
                " ",
                "s",
                "u",
                "p",
                "e",
                "r",
                "m",
                "a",
                "r",
                "k",
                "e",
                "t",
                "."
            ],
            [
                "m",
                "y",
                " ",
                "f",
                "a",
                "v",
                "o",
                "r",
                "i",
                "t",
                "e",
                " ",
                "b",
                "a",
                "n",
                "d",
                " ",
                "i",
                "s",
                " ",
                "t",
                "h",
                "e",
                " ",
                "w",
                "h",
                "o",
                "."
            ],
            [
                "i",
                " ",
                "h",
                "a",
                "v",
                "e",
                " ",
                "n",
                "e",
                "v",
                "e",
                "r",
                " ",
                "b",
                "e",
                "e",
                "n",
                " ",
                "o",
                "u",
                "t",
                " ",
                "o",
                "f",
                " ",
                "o",
                "h",
                "i",
                "o",
                "."
            ],
            [
                "m",
                "y",
                " ",
                "f",
                "a",
                "v",
                "o",
                "r",
                "i",
                "t",
                "e",
                " ",
                "f",
                "o",
                "o",
                "d",
                " ",
                "i",
                "s",
                " ",
                "p",
                "i",
                "z",
                "z",
                "a",
                " ",
                "w",
                "i",
                "t",
                "h",
                " ",
                "b",
                "l",
                "a",
                "c",
                "k",
                " ",
                "o",
                "l",
                "i",
                "v",
                "e",
                "s",
                "."
            ]
        ]
    ],
    "eval_score": [
        1,
        1,
        1,
        1,
        1
    ],
    "profile_match": [
        0,
        1,
        1,
        1,
        1
    ]
}