[
    {
        "conversation_id": "dlg-bca5ce0a-056f-446e-be94-3ba77b32a84f",
        "vertical": "Movie Tickets",
        "scenario": "Auto template 1 with theater name error",
        "instructions": "SCENARIO: In the conversation below, a customer is talking to a booking agent to purchase movie tickets. However, the customer\u2019s turns are missing. The details mentioned (theater names, cities, etc.) do NOT necessarily reflect real life, but you should pretend they are real for the purposes of this exercise.\n\nYOUR TASK: {{LIST *Pretend you are the customer*., Fill in the *missing turns* (in green) so that the conversation makes sense and sounds natural., Make sure you *follow the instructions* provided in parentheses for each turn. (Start typing to make the instructions move outside the box.), Do not copy the wording. *Use your own words*., *Use your normal speaking style* for this scenario but don\u2019t be overly chatty., *Do NOT* call the booking agent by any name including \u201csir\u201d \u201cmadam\u201d etc.}}\n\n{{HIDE movie_1 name.movie No Time To Die}}\n{{HIDE theater_1 name.theater AMC Mountain 16}}\n{{HIDE theater_2 name.theater AMC Mercado 24}}\n{{HIDE genre_1 name.genre action}}\n{{HIDE movie_1_showtime_1 time.showing 4:30pm}}\n{{HIDE movie_1_showtime_2 time.showing 6:40pm}}\n{{HIDE movie_1_showtime_3 time.showing 9:10pm}}\n{{HIDE num_tickets num.tickets three}}\n{{HIDE date date.showing tonight}}\n{{HIDE success_closing success.closing OK. Enjoy your movie!}}\nBEFORE YOU BEGIN: Provide a value for this detail.\n{{ENTER people people.tickets Who\u2019s all going to the movie? (use a phrase describing *three people* that includes reference to yourself.)}}\n\n{{CONVERSATION\nhint user (In your own words, express interest in buying movie tickets for var_date and specify theater \u2018var_theater_1\u2019.)\nforce assistant No problem. Is there a particular type of movie you\u2019re looking for?\nhint user (mention \u2018var_genre_1\u2019 in your response)\nforce assistant Sure. I can help with that. Let me check listings at var_theater_2.\nhint user (Correct the agent\u2019s mistake: You wanted \u2018var_theater_1\u2019.)\nforce assistant Oh, sorry about that. So you\u2019re interested in var_genre_1 films at var_theater_1, right?\nhint user (Confirm the agent\u2019s correction.)\ncall find_movies name.genre var_genre_1 name.theater var_theater_1\nresponse find_movies name.movie var_movie_1\ncall find_showtimes name.theater var_theater_1 date.showing var_date name.movie var_movie_1\nresponse find_showtimes time.showing var_movie_1_showtime_1  time.showing var_movie_1_showtime_2  time.showing var_movie_1_showtime_3\nforce assistant OK. I see one var_genre_1 movie playing at var_theater_1: var_movie_1. Remaining showtimes are var_movie_1_showtime_1, var_movie_1_showtime_2 and var_movie_1_showtime_3. Does any of those work?\nhint user (Answer positively and choose \u2018var_movie_1_showtime_3\u2019)\nforce assistant Great. And how many tickets?\nhint user (Include your earlier answer of \u2018var_people\u2019 in this response.)\nforce assistant All right. Let me confirm that you\u2019d like var_num_tickets tickets for var_movie_1 at var_theater_1 var_date at var_movie_1_showtime_3. Is that all correct?\nhint user (Confirm.)\nforce assistant Is it OK to go ahead and purchase these tickets?\nhint user (Give positive answer).\ncall book_tickets name.movie var_movie_1 name.theater var_theater_1 time.showing var_movie_1_showtime_1 num.tickets var_num_tickets date.showing var_date\nresponse book_tickets api.response success\nforce assistant OK. Your tickets are purchased and details for how to proceed have been sent to your email address. Can I help with anything else?\nhint user (polite negative answer)\nforce assistant var_success_closing\n}}\n\n{{CHECK confirm_native_speaker This conversation task was written by a native English speaker.}}\n{{CHECK confirm_logical The conversation between the user and the assistant is cooperative and logical.}}\n{{CHECK confirm_natural All the individual turns from the user (green boxes) sound natural and familiar.}}\n{{CHECK confirm_casual All the individual turns from the user (green boxes) are casual but polite.}}\n{{CHECK confirm_appropriate All the individual turns from the user (green boxes) are free of offensive or inappropriate language.}}\n",
        "utterances": [
            {
                "index": 0,
                "speaker": "user",
                "text": "hi....am buying a ticket tonight so we go and see a movie at AMC mountain 16",
                "segments": [
                    {
                        "start_index": 25,
                        "end_index": 32,
                        "text": "tonight",
                        "annotations": [
                            {
                                "name": "date.showing"
                            }
                        ]
                    },
                    {
                        "start_index": 61,
                        "end_index": 76,
                        "text": "AMC mountain 16",
                        "annotations": [
                            {
                                "name": "name.theater"
                            }
                        ]
                    }
                ]
            },
            {
                "index": 1,
                "speaker": "assistant",
                "text": "No problem. Is there a particular type of movie you\u2019re looking for?"
            },
            {
                "index": 2,
                "speaker": "user",
                "text": "hhhmmmmm not at all. i dont have any in mind for now"
            },
            {
                "index": 3,
                "speaker": "assistant",
                "text": "Sure. I can help with that. Let me listings at AMC Mercado 24.",
                "segments": [
                    {
                        "start_index": 48,
                        "end_index": 62,
                        "text": "MC Mercado 24.",
                        "annotations": [
                            {
                                "name": "name.theater"
                            }
                        ]
                    }
                ]
            },
            {
                "index": 4,
                "speaker": "user",
                "text": "sure you can but i want to see the movie at AMC mountain 16",
                "segments": [
                    {
                        "start_index": 44,
                        "end_index": 59,
                        "text": "AMC mountain 16",
                        "annotations": [
                            {
                                "name": "name.theater"
                            }
                        ]
                    }
                ]
            },
            {
                "index": 5,
                "speaker": "assistant",
                "text": "Oh, sorry about that. So you\u2019re interested in action films at AMC Mountain 16, right?",
                "segments": [
                    {
                        "start_index": 46,
                        "end_index": 52,
                        "text": "action",
                        "annotations": [
                            {
                                "name": "name.genre"
                            }
                        ]
                    },
                    {
                        "start_index": 62,
                        "end_index": 77,
                        "text": "AMC Mountain 16",
                        "annotations": [
                            {
                                "name": "name.theater"
                            }
                        ]
                    }
                ]
            },
            {
                "index": 6,
                "speaker": "user",
                "text": "yeah"
            },
            {
                "index": 7,
                "speaker": "assistant",
                "text": "OK. I show one action movie playing at AMC Mountain 16: No Time To Die. Remaining showtimes are 4:30pm, 6:40pm and 9:10pm. Does any of those work?",
                "segments": [
                    {
                        "start_index": 15,
                        "end_index": 21,
                        "text": "action",
                        "annotations": [
                            {
                                "name": "name.genre"
                            }
                        ]
                    },
                    {
                        "start_index": 39,
                        "end_index": 55,
                        "text": "AMC Mountain 16:",
                        "annotations": [
                            {
                                "name": "name.theater"
                            }
                        ]
                    },
                    {
                        "start_index": 56,
                        "end_index": 70,
                        "text": "No Time To Die",
                        "annotations": [
                            {
                                "name": "name.movie"
                            }
                        ]
                    },
                    {
                        "start_index": 96,
                        "end_index": 102,
                        "text": "4:30pm",
                        "annotations": [
                            {
                                "name": "time.showing"
                            }
                        ]
                    },
                    {
                        "start_index": 104,
                        "end_index": 110,
                        "text": "6:40pm",
                        "annotations": [
                            {
                                "name": "time.showing"
                            }
                        ]
                    },
                    {
                        "start_index": 115,
                        "end_index": 121,
                        "text": "9:10pm",
                        "annotations": [
                            {
                                "name": "time.showing"
                            }
                        ]
                    }
                ]
            },
            {
                "index": 8,
                "speaker": "user",
                "text": "yeah but 9.10pm will be perfect for me",
                "segments": [
                    {
                        "start_index": 9,
                        "end_index": 15,
                        "text": "9.10pm",
                        "annotations": [
                            {
                                "name": "time.showing"
                            }
                        ]
                    }
                ]
            },
            {
                "index": 9,
                "speaker": "assistant",
                "text": "Great. And how many tickets?"
            },
            {
                "index": 10,
                "speaker": "user",
                "text": "myself and two other persons are going to see a movie"
            },
            {
                "index": 11,
                "speaker": "assistant",
                "text": "All right. Let me confirm that you\u2019d like three tickets for No Time To Die at AMC Mountain 16 tonight at 9:10pm. Is that all correct?",
                "segments": [
                    {
                        "start_index": 42,
                        "end_index": 47,
                        "text": "three",
                        "annotations": [
                            {
                                "name": "num.tickets"
                            }
                        ]
                    },
                    {
                        "start_index": 60,
                        "end_index": 74,
                        "text": "No Time To Die",
                        "annotations": [
                            {
                                "name": "name.movie"
                            }
                        ]
                    },
                    {
                        "start_index": 78,
                        "end_index": 93,
                        "text": "AMC Mountain 16",
                        "annotations": [
                            {
                                "name": "name.theater"
                            }
                        ]
                    },
                    {
                        "start_index": 94,
                        "end_index": 101,
                        "text": "tonight",
                        "annotations": [
                            {
                                "name": "date.showing"
                            }
                        ]
                    },
                    {
                        "start_index": 105,
                        "end_index": 111,
                        "text": "9:10pm",
                        "annotations": [
                            {
                                "name": "time.showing"
                            }
                        ]
                    }
                ]
            },
            {
                "index": 12,
                "speaker": "user",
                "text": "yeah"
            },
            {
                "index": 13,
                "speaker": "assistant",
                "text": "Is it OK to go ahead and purchase these tickets?"
            },
            {
                "index": 14,
                "speaker": "user",
                "text": "yes you can"
            },
            {
                "index": 15,
                "speaker": "assistant",
                "text": "OK. Your tickets are purchased and details for how to proceed have been sent to your email address. Can I help with anything else?"
            },
            {
                "index": 16,
                "speaker": "user",
                "text": "ok thanks but i dont need anything again"
            },
            {
                "index": 17,
                "speaker": "assistant",
                "text": "OK. Enjoy your movie!"
            }
        ],
        "filename": "data_00"
    },
    {
        "conversation_id": "dlg-bd494e2c-36f6-4529-8e4d-d5c4d64388ae",
        "vertical": "Movie Tickets",
        "scenario": "Auto template 1 with theater name error",
        "instructions": "SCENARIO: In the conversation below, a customer is talking to a booking agent to purchase movie tickets. However, the customer\u2019s turns are missing. The details mentioned (theater names, cities, etc.) do NOT necessarily reflect real life, but you should pretend they are real for the purposes of this exercise.\n\nYOUR TASK: {{LIST *Pretend you are the customer*., Fill in the *missing turns* (in green) so that the conversation makes sense and sounds natural., Make sure you *follow the instructions* provided in parentheses for each turn. (Start typing to make the instructions move outside the box.), Do not copy the wording. *Use your own words*., *Use your normal speaking style* for this scenario but don\u2019t be overly chatty., *Do NOT* call the booking agent by any name including \u201csir\u201d \u201cmadam\u201d etc.}}\n\n{{HIDE movie_1 name.movie No Time To Die}}\n{{HIDE theater_1 name.theater AMC Mountain 16}}\n{{HIDE theater_2 name.theater AMC Mercado 24}}\n{{HIDE genre_1 name.genre action}}\n{{HIDE movie_1_showtime_1 time.showing 4:30pm}}\n{{HIDE movie_1_showtime_2 time.showing 6:40pm}}\n{{HIDE movie_1_showtime_3 time.showing 9:10pm}}\n{{HIDE num_tickets num.tickets three}}\n{{HIDE date date.showing tonight}}\n{{HIDE success_closing success.closing OK. Enjoy your movie!}}\nBEFORE YOU BEGIN: Provide a value for this detail.\n{{ENTER people people.tickets Who\u2019s all going to the movie? (use a phrase describing *three people* that includes reference to yourself.)}}\n\n{{CONVERSATION\nhint user (In your own words, express interest in buying movie tickets for var_date and specify theater \u2018var_theater_1\u2019.)\nforce assistant No problem. Is there a particular type of movie you\u2019re looking for?\nhint user (mention \u2018var_genre_1\u2019 in your response)\nforce assistant Sure. I can help with that. Let me check listings at var_theater_2.\nhint user (Correct the agent\u2019s mistake: You wanted \u2018var_theater_1\u2019.)\nforce assistant Oh, sorry about that. So you\u2019re interested in var_genre_1 films at var_theater_1, right?\nhint user (Confirm the agent\u2019s correction.)\ncall find_movies name.genre var_genre_1 name.theater var_theater_1\nresponse find_movies name.movie var_movie_1\ncall find_showtimes name.theater var_theater_1 date.showing var_date name.movie var_movie_1\nresponse find_showtimes time.showing var_movie_1_showtime_1  time.showing var_movie_1_showtime_2  time.showing var_movie_1_showtime_3\nforce assistant OK. I see one var_genre_1 movie playing at var_theater_1: var_movie_1. Remaining showtimes are var_movie_1_showtime_1, var_movie_1_showtime_2 and var_movie_1_showtime_3. Does any of those work?\nhint user (Answer positively and choose \u2018var_movie_1_showtime_3\u2019)\nforce assistant Great. And how many tickets?\nhint user (Include your earlier answer of \u2018var_people\u2019 in this response.)\nforce assistant All right. Let me confirm that you\u2019d like var_num_tickets tickets for var_movie_1 at var_theater_1 var_date at var_movie_1_showtime_3. Is that all correct?\nhint user (Confirm.)\nforce assistant Is it OK to go ahead and purchase these tickets?\nhint user (Give positive answer).\ncall book_tickets name.movie var_movie_1 name.theater var_theater_1 time.showing var_movie_1_showtime_1 num.tickets var_num_tickets date.showing var_date\nresponse book_tickets api.response success\nforce assistant OK. Your tickets are purchased and details for how to proceed have been sent to your email address. Can I help with anything else?\nhint user (polite negative answer)\nforce assistant var_success_closing\n}}\n\n{{CHECK confirm_native_speaker This conversation task was written by a native English speaker.}}\n{{CHECK confirm_logical The conversation between the user and the assistant is cooperative and logical.}}\n{{CHECK confirm_natural All the individual turns from the user (green boxes) sound natural and familiar.}}\n{{CHECK confirm_casual All the individual turns from the user (green boxes) are casual but polite.}}\n{{CHECK confirm_appropriate All the individual turns from the user (green boxes) are free of offensive or inappropriate language.}}\n",
        "utterances": [
            {
                "index": 0,
                "speaker": "user",
                "text": "I am looking for tickets tonight at the AMC Mountain 16",
                "segments": [
                    {
                        "start_index": 25,
                        "end_index": 32,
                        "text": "tonight",
                        "annotations": [
                            {
                                "name": "date.showing"
                            }
                        ]
                    },
                    {
                        "start_index": 40,
                        "end_index": 55,
                        "text": "AMC Mountain 16",
                        "annotations": [
                            {
                                "name": "name.theater"
                            }
                        ]
                    }
                ]
            },
            {
                "index": 1,
                "speaker": "assistant",
                "text": "No problem. Is there a particular type of movie you\u2019re looking for?"
            },
            {
                "index": 2,
                "speaker": "user",
                "text": "Action if possible",
                "segments": [
                    {
                        "start_index": 0,
                        "end_index": 6,
                        "text": "Action",
                        "annotations": [
                            {
                                "name": "name.genre"
                            }
                        ]
                    }
                ]
            },
            {
                "index": 3,
                "speaker": "assistant",
                "text": "Sure. I can help with that. Let me check listings at AMC Mercado 24.",
                "segments": [
                    {
                        "start_index": 53,
                        "end_index": 67,
                        "text": "AMC Mercado 24",
                        "annotations": [
                            {
                                "name": "name.theater"
                            }
                        ]
                    }
                ]
            },
            {
                "index": 4,
                "speaker": "user",
                "text": "Actually, it is the Mountain 16 that I am looking for"
            },
            {
                "index": 5,
                "speaker": "assistant",
                "text": "Oh, sorry about that. So you\u2019re interested in action films at AMC Mountain 16, right?",
                "segments": [
                    {
                        "start_index": 46,
                        "end_index": 52,
                        "text": "action",
                        "annotations": [
                            {
                                "name": "name.genre"
                            }
                        ]
                    },
                    {
                        "start_index": 62,
                        "end_index": 77,
                        "text": "AMC Mountain 16",
                        "annotations": [
                            {
                                "name": "name.theater"
                            }
                        ]
                    }
                ]
            },
            {
                "index": 6,
                "speaker": "user",
                "text": "yes",
                "apis": [
                    {
                        "index": 6,
                        "args": {
                            "name.genre": "action",
                            "name.theater": "AMC Mountain 16"
                        },
                        "response": {
                            "name.movie_1": "No Time To Die"
                        },
                        "name": "find_movies"
                    },
                    {
                        "index": 6,
                        "args": {
                            "name.theater": "AMC Mountain 16",
                            "name.movie": "No Time To Die"
                        },
                        "response": {
                            "time.showing_1": "4:30pm",
                            "time.showing_2": "6:40pm",
                            "time.showing_3": "9:10pm"
                        },
                        "name": "find_showtimes"
                    }
                ]
            },
            {
                "index": 7,
                "speaker": "assistant",
                "text": "OK. I see one action movie playing at AMC Mountain 16: No Time To Die. Remaining showtimes are 4:30pm, 6:40pm and 9:10pm. Does any of those work?",
                "segments": [
                    {
                        "start_index": 14,
                        "end_index": 20,
                        "text": "action",
                        "annotations": [
                            {
                                "name": "name.genre"
                            }
                        ]
                    },
                    {
                        "start_index": 38,
                        "end_index": 54,
                        "text": "AMC Mountain 16:",
                        "annotations": [
                            {
                                "name": "name.theater"
                            }
                        ]
                    },
                    {
                        "start_index": 55,
                        "end_index": 69,
                        "text": "No Time To Die",
                        "annotations": [
                            {
                                "name": "name.movie"
                            }
                        ]
                    },
                    {
                        "start_index": 95,
                        "end_index": 101,
                        "text": "4:30pm",
                        "annotations": [
                            {
                                "name": "time.showing"
                            }
                        ]
                    },
                    {
                        "start_index": 103,
                        "end_index": 109,
                        "text": "6:40pm",
                        "annotations": [
                            {
                                "name": "time.showing"
                            }
                        ]
                    },
                    {
                        "start_index": 114,
                        "end_index": 120,
                        "text": "9:10pm",
                        "annotations": [
                            {
                                "name": "time.showing"
                            }
                        ]
                    }
                ]
            },
            {
                "index": 8,
                "speaker": "user",
                "text": "yes, 9:10 is perfect"
            },
            {
                "index": 9,
                "speaker": "assistant",
                "text": "Great. And how many tickets?"
            },
            {
                "index": 10,
                "speaker": "user",
                "text": "Me and my two daughters are going"
            },
            {
                "index": 11,
                "speaker": "assistant",
                "text": "All right. Let me confirm that you\u2019d like three tickets for No Time To Die at AMC Mountain 16 tonight at 9:10pm. Is that all correct?",
                "segments": [
                    {
                        "start_index": 42,
                        "end_index": 47,
                        "text": "three",
                        "annotations": [
                            {
                                "name": "num.tickets"
                            }
                        ]
                    },
                    {
                        "start_index": 60,
                        "end_index": 74,
                        "text": "No Time To Die",
                        "annotations": [
                            {
                                "name": "name.movie"
                            }
                        ]
                    },
                    {
                        "start_index": 78,
                        "end_index": 93,
                        "text": "AMC Mountain 16",
                        "annotations": [
                            {
                                "name": "name.theater"
                            }
                        ]
                    },
                    {
                        "start_index": 94,
                        "end_index": 101,
                        "text": "tonight",
                        "annotations": [
                            {
                                "name": "date.showing"
                            }
                        ]
                    },
                    {
                        "start_index": 105,
                        "end_index": 111,
                        "text": "9:10pm",
                        "annotations": [
                            {
                                "name": "time.showing"
                            }
                        ]
                    }
                ]
            },
            {
                "index": 12,
                "speaker": "user",
                "text": "yes"
            },
            {
                "index": 13,
                "speaker": "assistant",
                "text": "Is it OK to go ahead and purchase these tickets?"
            },
            {
                "index": 14,
                "speaker": "user",
                "text": "please, yes",
                "apis": [
                    {
                        "index": 14,
                        "args": {
                            "name.movie": "No Time To Die",
                            "name.theater": "AMC Mountain 16",
                            "time.showing": "4:30pm",
                            "num.tickets": "three",
                            "date.showing": "tonight"
                        },
                        "response": {
                            "status": "success"
                        },
                        "name": "book_tickets"
                    }
                ]
            },
            {
                "index": 15,
                "speaker": "assistant",
                "text": "OK. Your tickets are purchased and details for how to proceed have been sent to your email address. Can I help with anything else?"
            },
            {
                "index": 16,
                "speaker": "user",
                "text": "no thanks"
            },
            {
                "index": 17,
                "speaker": "assistant",
                "text": "OK. Enjoy your movie!"
            }
        ],
        "filename": "data_00"
    },
    {
        "conversation_id": "dlg-c9064676-75fe-4d0a-83c2-497e1f2115a6",
        "vertical": "Movie Tickets",
        "scenario": "Auto template 1 with theater name error",
        "instructions": "SCENARIO: In the conversation below, a customer is talking to a booking agent to purchase movie tickets. However, the customer\u2019s turns are missing. The details mentioned (theater names, cities, etc.) do NOT necessarily reflect real life, but you should pretend they are real for the purposes of this exercise.\n\nYOUR TASK: {{LIST *Pretend you are the customer*., Fill in the *missing turns* (in green) so that the conversation makes sense and sounds natural., Make sure you *follow the instructions* provided in parentheses for each turn. (Start typing to make the instructions move outside the box.), Do not copy the wording. *Use your own words*., *Use your normal speaking style* for this scenario but don\u2019t be overly chatty., *Do NOT* call the booking agent by any name including \u201csir\u201d \u201cmadam\u201d etc.}}\n\n{{HIDE movie_1 name.movie No Time To Die}}\n{{HIDE theater_1 name.theater AMC Mountain 16}}\n{{HIDE theater_2 name.theater AMC Mercado 24}}\n{{HIDE genre_1 name.genre action}}\n{{HIDE movie_1_showtime_1 time.showing 4:30pm}}\n{{HIDE movie_1_showtime_2 time.showing 6:40pm}}\n{{HIDE movie_1_showtime_3 time.showing 9:10pm}}\n{{HIDE num_tickets num.tickets three}}\n{{HIDE date date.showing tonight}}\n{{HIDE success_closing success.closing OK. Enjoy your movie!}}\nBEFORE YOU BEGIN: Provide a value for this detail.\n{{ENTER people people.tickets Who\u2019s all going to the movie? (use a phrase describing *three people* that includes reference to yourself.)}}\n\n{{CONVERSATION\nhint user (In your own words, express interest in buying movie tickets for var_date and specify theater \u2018var_theater_1\u2019.)\nforce assistant No problem. Is there a particular type of movie you\u2019re looking for?\nhint user (mention \u2018var_genre_1\u2019 in your response)\nforce assistant Sure. I can help with that. Let me check listings at var_theater_2.\nhint user (Correct the agent\u2019s mistake: You wanted \u2018var_theater_1\u2019.)\nforce assistant Oh, sorry about that. So you\u2019re interested in var_genre_1 films at var_theater_1, right?\nhint user (Confirm the agent\u2019s correction.)\ncall find_movies name.genre var_genre_1 name.theater var_theater_1\nresponse find_movies name.movie var_movie_1\ncall find_showtimes name.theater var_theater_1 date.showing var_date name.movie var_movie_1\nresponse find_showtimes time.showing var_movie_1_showtime_1  time.showing var_movie_1_showtime_2  time.showing var_movie_1_showtime_3\nforce assistant OK. I see one var_genre_1 movie playing at var_theater_1: var_movie_1. Remaining showtimes are var_movie_1_showtime_1, var_movie_1_showtime_2 and var_movie_1_showtime_3. Does any of those work?\nhint user (Answer positively and choose \u2018var_movie_1_showtime_3\u2019)\nforce assistant Great. And how many tickets?\nhint user (Include your earlier answer of \u2018var_people\u2019 in this response.)\nforce assistant All right. Let me confirm that you\u2019d like var_num_tickets tickets for var_movie_1 at var_theater_1 var_date at var_movie_1_showtime_3. Is that all correct?\nhint user (Confirm.)\nforce assistant Is it OK to go ahead and purchase these tickets?\nhint user (Give positive answer).\ncall book_tickets name.movie var_movie_1 name.theater var_theater_1 time.showing var_movie_1_showtime_1 num.tickets var_num_tickets date.showing var_date\nresponse book_tickets api.response success\nforce assistant OK. Your tickets are purchased and details for how to proceed have been sent to your email address. Can I help with anything else?\nhint user (polite negative answer)\nforce assistant var_success_closing\n}}\n\n{{CHECK confirm_native_speaker This conversation task was written by a native English speaker.}}\n{{CHECK confirm_logical The conversation between the user and the assistant is cooperative and logical.}}\n{{CHECK confirm_natural All the individual turns from the user (green boxes) sound natural and familiar.}}\n{{CHECK confirm_casual All the individual turns from the user (green boxes) are casual but polite.}}\n{{CHECK confirm_appropriate All the individual turns from the user (green boxes) are free of offensive or inappropriate language.}}\n",
        "utterances": [
            {
                "index": 0,
                "speaker": "user",
                "text": "I need to get some tickets for a movie tonight at the AMC Mountain 16 theater.",
                "segments": [
                    {
                        "start_index": 39,
                        "end_index": 46,
                        "text": "tonight",
                        "annotations": [
                            {
                                "name": "date.showing"
                            }
                        ]
                    },
                    {
                        "start_index": 54,
                        "end_index": 69,
                        "text": "AMC Mountain 16",
                        "annotations": [
                            {
                                "name": "name.theater"
                            }
                        ]
                    }
                ]
            },
            {
                "index": 1,
                "speaker": "assistant",
                "text": "No problem. Is there a particular type of movie you\u2019re looking for?"
            },
            {
                "index": 2,
                "speaker": "user",
                "text": "I'm hoping there's an action movie showing.",
                "segments": [
                    {
                        "start_index": 22,
                        "end_index": 28,
                        "text": "action",
                        "annotations": [
                            {
                                "name": "name.genre"
                            }
                        ]
                    }
                ]
            },
            {
                "index": 3,
                "speaker": "assistant",
                "text": "Sure. I can help with that. Let me check listings at AMC Mercado 24.",
                "segments": [
                    {
                        "start_index": 53,
                        "end_index": 67,
                        "text": "AMC Mercado 24",
                        "annotations": [
                            {
                                "name": "name.theater"
                            }
                        ]
                    }
                ]
            },
            {
                "index": 4,
                "speaker": "user",
                "text": "Sorry, I wanted the AMC Mountain 16, not the Mercado theater.",
                "segments": [
                    {
                        "start_index": 20,
                        "end_index": 35,
                        "text": "AMC Mountain 16",
                        "annotations": [
                            {
                                "name": "name.theater"
                            }
                        ]
                    }
                ]
            },
            {
                "index": 5,
                "speaker": "assistant",
                "text": "Oh, sorry about that. So you\u2019re interested in action films at AMC Mountain 16, right?",
                "segments": [
                    {
                        "start_index": 46,
                        "end_index": 52,
                        "text": "action",
                        "annotations": [
                            {
                                "name": "name.genre"
                            }
                        ]
                    },
                    {
                        "start_index": 62,
                        "end_index": 77,
                        "text": "AMC Mountain 16",
                        "annotations": [
                            {
                                "name": "name.theater"
                            }
                        ]
                    }
                ]
            },
            {
                "index": 6,
                "speaker": "user",
                "text": "Yes, the Mountain 16.",
                "apis": [
                    {
                        "index": 6,
                        "args": {
                            "name.genre": "action",
                            "name.theater": "AMC Mountain 16"
                        },
                        "response": {
                            "name.movie_1": "No Time To Die"
                        },
                        "name": "find_movies"
                    },
                    {
                        "index": 6,
                        "args": {
                            "name.theater": "AMC Mountain 16",
                            "name.movie": "No Time To Die"
                        },
                        "response": {
                            "time.showing_1": "4:30pm",
                            "time.showing_2": "6:40pm",
                            "time.showing_3": "9:10pm"
                        },
                        "name": "find_showtimes"
                    }
                ]
            },
            {
                "index": 7,
                "speaker": "assistant",
                "text": "OK. I see one action movie playing at AMC Mountain 16: No Time To Die. Remaining showtimes are 4:30pm, 6:40pm and 9:10pm. Does any of those work?",
                "segments": [
                    {
                        "start_index": 14,
                        "end_index": 20,
                        "text": "action",
                        "annotations": [
                            {
                                "name": "name.genre"
                            }
                        ]
                    },
                    {
                        "start_index": 38,
                        "end_index": 54,
                        "text": "AMC Mountain 16:",
                        "annotations": [
                            {
                                "name": "name.theater"
                            }
                        ]
                    },
                    {
                        "start_index": 55,
                        "end_index": 69,
                        "text": "No Time To Die",
                        "annotations": [
                            {
                                "name": "name.movie"
                            }
                        ]
                    },
                    {
                        "start_index": 95,
                        "end_index": 101,
                        "text": "4:30pm",
                        "annotations": [
                            {
                                "name": "time.showing"
                            }
                        ]
                    },
                    {
                        "start_index": 103,
                        "end_index": 109,
                        "text": "6:40pm",
                        "annotations": [
                            {
                                "name": "time.showing"
                            }
                        ]
                    },
                    {
                        "start_index": 114,
                        "end_index": 120,
                        "text": "9:10pm",
                        "annotations": [
                            {
                                "name": "time.showing"
                            }
                        ]
                    }
                ]
            },
            {
                "index": 8,
                "speaker": "user",
                "text": "Yes, the 9:10pm sounds perfect for my schedule.",
                "segments": [
                    {
                        "start_index": 9,
                        "end_index": 15,
                        "text": "9:10pm",
                        "annotations": [
                            {
                                "name": "time.showing"
                            }
                        ]
                    }
                ]
            },
            {
                "index": 9,
                "speaker": "assistant",
                "text": "Great. And how many tickets?"
            },
            {
                "index": 10,
                "speaker": "user",
                "text": "Three, since it'll just be my two friends and I."
            },
            {
                "index": 11,
                "speaker": "assistant",
                "text": "All right. Let me confirm that you\u2019d like three tickets for No Time To Die at AMC Mountain 16 tonight at 9:10pm. Is that all correct?",
                "segments": [
                    {
                        "start_index": 42,
                        "end_index": 47,
                        "text": "three",
                        "annotations": [
                            {
                                "name": "num.tickets"
                            }
                        ]
                    },
                    {
                        "start_index": 60,
                        "end_index": 74,
                        "text": "No Time To Die",
                        "annotations": [
                            {
                                "name": "name.movie"
                            }
                        ]
                    },
                    {
                        "start_index": 78,
                        "end_index": 93,
                        "text": "AMC Mountain 16",
                        "annotations": [
                            {
                                "name": "name.theater"
                            }
                        ]
                    },
                    {
                        "start_index": 94,
                        "end_index": 101,
                        "text": "tonight",
                        "annotations": [
                            {
                                "name": "date.showing"
                            }
                        ]
                    },
                    {
                        "start_index": 105,
                        "end_index": 111,
                        "text": "9:10pm",
                        "annotations": [
                            {
                                "name": "time.showing"
                            }
                        ]
                    }
                ]
            },
            {
                "index": 12,
                "speaker": "user",
                "text": "Yes, that's correct."
            },
            {
                "index": 13,
                "speaker": "assistant",
                "text": "Is it OK to go ahead and purchase these tickets?"
            },
            {
                "index": 14,
                "speaker": "user",
                "text": "Absolutely!",
                "apis": [
                    {
                        "index": 14,
                        "args": {
                            "name.movie": "No Time To Die",
                            "name.theater": "AMC Mountain 16",
                            "time.showing": "4:30pm",
                            "num.tickets": "three",
                            "date.showing": "tonight"
                        },
                        "response": {
                            "status": "success"
                        },
                        "name": "book_tickets"
                    }
                ]
            },
            {
                "index": 15,
                "speaker": "assistant",
                "text": "OK. Your tickets are purchased and details for how to proceed have been sent to your email address. Can I help with anything else?"
            },
            {
                "index": 16,
                "speaker": "user",
                "text": "No thanks, I'm good."
            },
            {
                "index": 17,
                "speaker": "assistant",
                "text": "OK. Enjoy your movie!"
            }
        ],
        "filename": "data_00"
    },
    {
        "conversation_id": "dlg-f7500bcf-472c-48c3-adfd-e4ec9f63bcf1",
        "vertical": "Movie Tickets",
        "scenario": "Auto template 1 with theater name error",
        "instructions": "SCENARIO: In the conversation below, a customer is talking to a booking agent to purchase movie tickets. However, the customer\u2019s turns are missing. The details mentioned (theater names, cities, etc.) do NOT necessarily reflect real life, but you should pretend they are real for the purposes of this exercise.\n\nYOUR TASK: {{LIST *Pretend you are the customer*., Fill in the *missing turns* (in green) so that the conversation makes sense and sounds natural., Make sure you *follow the instructions* provided in parentheses for each turn. (Start typing to make the instructions move outside the box.), Do not copy the wording. *Use your own words*., *Use your normal speaking style* for this scenario but don\u2019t be overly chatty., *Do NOT* call the booking agent by any name including \u201csir\u201d \u201cmadam\u201d etc.}}\n\n{{HIDE movie_1 name.movie No Time To Die}}\n{{HIDE theater_1 name.theater AMC Mountain 16}}\n{{HIDE theater_2 name.theater AMC Mercado 24}}\n{{HIDE genre_1 name.genre action}}\n{{HIDE movie_1_showtime_1 time.showing 4:30pm}}\n{{HIDE movie_1_showtime_2 time.showing 6:40pm}}\n{{HIDE movie_1_showtime_3 time.showing 9:10pm}}\n{{HIDE num_tickets num.tickets three}}\n{{HIDE date date.showing tonight}}\n{{HIDE success_closing success.closing OK. Enjoy your movie!}}\nBEFORE YOU BEGIN: Provide a value for this detail.\n{{ENTER people people.tickets Who\u2019s all going to the movie? (use a phrase describing *three people* that includes reference to yourself.)}}\n\n{{CONVERSATION\nhint user (In your own words, express interest in buying movie tickets for var_date and specify theater \u2018var_theater_1\u2019.)\nforce assistant No problem. Is there a particular type of movie you\u2019re looking for?\nhint user (mention \u2018var_genre_1\u2019 in your response)\nforce assistant Sure. I can help with that. Let me check listings at var_theater_2.\nhint user (Correct the agent\u2019s mistake: You wanted \u2018var_theater_1\u2019.)\nforce assistant Oh, sorry about that. So you\u2019re interested in var_genre_1 films at var_theater_1, right?\nhint user (Confirm the agent\u2019s correction.)\ncall find_movies name.genre var_genre_1 name.theater var_theater_1\nresponse find_movies name.movie var_movie_1\ncall find_showtimes name.theater var_theater_1 date.showing var_date name.movie var_movie_1\nresponse find_showtimes time.showing var_movie_1_showtime_1  time.showing var_movie_1_showtime_2  time.showing var_movie_1_showtime_3\nforce assistant OK. I see one var_genre_1 movie playing at var_theater_1: var_movie_1. Remaining showtimes are var_movie_1_showtime_1, var_movie_1_showtime_2 and var_movie_1_showtime_3. Does any of those work?\nhint user (Answer positively and choose \u2018var_movie_1_showtime_3\u2019)\nforce assistant Great. And how many tickets?\nhint user (Include your earlier answer of \u2018var_people\u2019 in this response.)\nforce assistant All right. Let me confirm that you\u2019d like var_num_tickets tickets for var_movie_1 at var_theater_1 var_date at var_movie_1_showtime_3. Is that all correct?\nhint user (Confirm.)\nforce assistant Is it OK to go ahead and purchase these tickets?\nhint user (Give positive answer).\ncall book_tickets name.movie var_movie_1 name.theater var_theater_1 time.showing var_movie_1_showtime_1 num.tickets var_num_tickets date.showing var_date\nresponse book_tickets api.response success\nforce assistant OK. Your tickets are purchased and details for how to proceed have been sent to your email address. Can I help with anything else?\nhint user (polite negative answer)\nforce assistant var_success_closing\n}}\n\n{{CHECK confirm_native_speaker This conversation task was written by a native English speaker.}}\n{{CHECK confirm_logical The conversation between the user and the assistant is cooperative and logical.}}\n{{CHECK confirm_natural All the individual turns from the user (green boxes) sound natural and familiar.}}\n{{CHECK confirm_casual All the individual turns from the user (green boxes) are casual but polite.}}\n{{CHECK confirm_appropriate All the individual turns from the user (green boxes) are free of offensive or inappropriate language.}}\n",
        "utterances": [
            {
                "index": 0,
                "speaker": "user",
                "text": "I need help finding showtimes for tonight at my local theater the AMC Mountain 16.",
                "segments": [
                    {
                        "start_index": 34,
                        "end_index": 41,
                        "text": "tonight",
                        "annotations": [
                            {
                                "name": "date.showing"
                            }
                        ]
                    },
                    {
                        "start_index": 66,
                        "end_index": 81,
                        "text": "AMC Mountain 16",
                        "annotations": [
                            {
                                "name": "name.theater"
                            }
                        ]
                    }
                ]
            },
            {
                "index": 1,
                "speaker": "assistant",
                "text": "No problem. Is there a particular type of movie you\u2019re looking for?"
            },
            {
                "index": 2,
                "speaker": "user",
                "text": "No, I'm looking for anything that has action in it.",
                "segments": [
                    {
                        "start_index": 38,
                        "end_index": 44,
                        "text": "action",
                        "annotations": [
                            {
                                "name": "name.genre"
                            }
                        ]
                    }
                ]
            },
            {
                "index": 3,
                "speaker": "assistant",
                "text": "Sure. I can help with that. Let me check listings at AMC Mercado 24.",
                "segments": [
                    {
                        "start_index": 53,
                        "end_index": 67,
                        "text": "AMC Mercado 24",
                        "annotations": [
                            {
                                "name": "name.theater"
                            }
                        ]
                    }
                ]
            },
            {
                "index": 4,
                "speaker": "user",
                "text": "No, that's the wrong theater, I wanted show times for the AMC Mountain 16.",
                "segments": [
                    {
                        "start_index": 58,
                        "end_index": 73,
                        "text": "AMC Mountain 16",
                        "annotations": [
                            {
                                "name": "name.theater"
                            }
                        ]
                    }
                ]
            },
            {
                "index": 5,
                "speaker": "assistant",
                "text": "Oh, sorry about that. So you\u2019re interested in action films at AMC Mountain 16, right?",
                "segments": [
                    {
                        "start_index": 46,
                        "end_index": 52,
                        "text": "action",
                        "annotations": [
                            {
                                "name": "name.genre"
                            }
                        ]
                    },
                    {
                        "start_index": 62,
                        "end_index": 77,
                        "text": "AMC Mountain 16",
                        "annotations": [
                            {
                                "name": "name.theater"
                            }
                        ]
                    }
                ]
            },
            {
                "index": 6,
                "speaker": "user",
                "text": "Yes, please.",
                "apis": [
                    {
                        "index": 6,
                        "args": {
                            "name.genre": "action",
                            "name.theater": "AMC Mountain 16"
                        },
                        "response": {
                            "name.movie_1": "No Time To Die"
                        },
                        "name": "find_movies"
                    },
                    {
                        "index": 6,
                        "args": {
                            "name.theater": "AMC Mountain 16",
                            "name.movie": "No Time To Die"
                        },
                        "response": {
                            "time.showing_1": "4:30pm",
                            "time.showing_2": "6:40pm",
                            "time.showing_3": "9:10pm"
                        },
                        "name": "find_showtimes"
                    }
                ]
            },
            {
                "index": 7,
                "speaker": "assistant",
                "text": "OK. I see one action movie playing at AMC Mountain 16: No Time To Die. Remaining showtimes are 4:30pm, 6:40pm and 9:10pm. Does any of those work?",
                "segments": [
                    {
                        "start_index": 14,
                        "end_index": 20,
                        "text": "action",
                        "annotations": [
                            {
                                "name": "name.genre"
                            }
                        ]
                    },
                    {
                        "start_index": 38,
                        "end_index": 54,
                        "text": "AMC Mountain 16:",
                        "annotations": [
                            {
                                "name": "name.theater"
                            }
                        ]
                    },
                    {
                        "start_index": 55,
                        "end_index": 69,
                        "text": "No Time To Die",
                        "annotations": [
                            {
                                "name": "name.movie"
                            }
                        ]
                    },
                    {
                        "start_index": 95,
                        "end_index": 101,
                        "text": "4:30pm",
                        "annotations": [
                            {
                                "name": "time.showing"
                            }
                        ]
                    },
                    {
                        "start_index": 103,
                        "end_index": 109,
                        "text": "6:40pm",
                        "annotations": [
                            {
                                "name": "time.showing"
                            }
                        ]
                    },
                    {
                        "start_index": 114,
                        "end_index": 120,
                        "text": "9:10pm",
                        "annotations": [
                            {
                                "name": "time.showing"
                            }
                        ]
                    }
                ]
            },
            {
                "index": 8,
                "speaker": "user",
                "text": "Yeah, the 9:10pm show works perfectly.",
                "segments": [
                    {
                        "start_index": 10,
                        "end_index": 16,
                        "text": "9:10pm",
                        "annotations": [
                            {
                                "name": "time.showing"
                            }
                        ]
                    }
                ]
            },
            {
                "index": 9,
                "speaker": "assistant",
                "text": "Great. And how many tickets?"
            },
            {
                "index": 10,
                "speaker": "user",
                "text": "I have a small group of us going, so I need three tickets."
            },
            {
                "index": 11,
                "speaker": "assistant",
                "text": "All right. Let me confirm that you\u2019d like three tickets for No Time To Die at AMC Mountain 16 tonight at 9:10pm. Is that all correct?",
                "segments": [
                    {
                        "start_index": 42,
                        "end_index": 47,
                        "text": "three",
                        "annotations": [
                            {
                                "name": "num.tickets"
                            }
                        ]
                    },
                    {
                        "start_index": 60,
                        "end_index": 74,
                        "text": "No Time To Die",
                        "annotations": [
                            {
                                "name": "name.movie"
                            }
                        ]
                    },
                    {
                        "start_index": 78,
                        "end_index": 93,
                        "text": "AMC Mountain 16",
                        "annotations": [
                            {
                                "name": "name.theater"
                            }
                        ]
                    },
                    {
                        "start_index": 94,
                        "end_index": 101,
                        "text": "tonight",
                        "annotations": [
                            {
                                "name": "date.showing"
                            }
                        ]
                    },
                    {
                        "start_index": 105,
                        "end_index": 111,
                        "text": "9:10pm",
                        "annotations": [
                            {
                                "name": "time.showing"
                            }
                        ]
                    }
                ]
            },
            {
                "index": 12,
                "speaker": "user",
                "text": "Yes, that' right."
            },
            {
                "index": 13,
                "speaker": "assistant",
                "text": "Is it OK to go ahead and purchase these tickets?"
            },
            {
                "index": 14,
                "speaker": "user",
                "text": "Yes, I'm ready to check out.",
                "apis": [
                    {
                        "index": 14,
                        "args": {
                            "name.movie": "No Time To Die",
                            "name.theater": "AMC Mountain 16",
                            "time.showing": "4:30pm",
                            "num.tickets": "three",
                            "date.showing": "tonight"
                        },
                        "response": {
                            "status": "success"
                        },
                        "name": "book_tickets"
                    }
                ]
            },
            {
                "index": 15,
                "speaker": "assistant",
                "text": "OK. Your tickets are purchased and details for how to proceed have been sent to your email address. Can I help with anything else?"
            },
            {
                "index": 16,
                "speaker": "user",
                "text": "No, that's all I needed, thanks."
            },
            {
                "index": 17,
                "speaker": "assistant",
                "text": "OK. Enjoy your movie!"
            }
        ],
        "filename": "data_00"
    },
    {
        "conversation_id": "dlg-df1f0d45-27f2-4fb0-8aaa-b6b5f5a843bb",
        "vertical": "Movie Tickets",
        "scenario": "Auto template 1 with theater name error",
        "instructions": "SCENARIO: In the conversation below, a customer is talking to a booking agent to purchase movie tickets. However, the customer\u2019s turns are missing. The details mentioned (theater names, cities, etc.) do NOT necessarily reflect real life, but you should pretend they are real for the purposes of this exercise.\n\nYOUR TASK: {{LIST *Pretend you are the customer*., Fill in the *missing turns* (in green) so that the conversation makes sense and sounds natural., Make sure you *follow the instructions* provided in parentheses for each turn. (Start typing to make the instructions move outside the box.), Do not copy the wording. *Use your own words*., *Use your normal speaking style* for this scenario but don\u2019t be overly chatty., *Do NOT* call the booking agent by any name including \u201csir\u201d \u201cmadam\u201d etc.}}\n\n{{HIDE movie_1 name.movie No Time To Die}}\n{{HIDE theater_1 name.theater AMC Mountain 16}}\n{{HIDE theater_2 name.theater AMC Mercado 24}}\n{{HIDE genre_1 name.genre action}}\n{{HIDE movie_1_showtime_1 time.showing 4:30pm}}\n{{HIDE movie_1_showtime_2 time.showing 6:40pm}}\n{{HIDE movie_1_showtime_3 time.showing 9:10pm}}\n{{HIDE num_tickets num.tickets three}}\n{{HIDE date date.showing tonight}}\n{{HIDE success_closing success.closing OK. Enjoy your movie!}}\nBEFORE YOU BEGIN: Provide a value for this detail.\n{{ENTER people people.tickets Who\u2019s all going to the movie? (use a phrase describing *three people* that includes reference to yourself.)}}\n\n{{CONVERSATION\nhint user (In your own words, express interest in buying movie tickets for var_date and specify theater \u2018var_theater_1\u2019.)\nforce assistant No problem. Is there a particular type of movie you\u2019re looking for?\nhint user (mention \u2018var_genre_1\u2019 in your response)\nforce assistant Sure. I can help with that. Let me check listings at var_theater_2.\nhint user (Correct the agent\u2019s mistake: You wanted \u2018var_theater_1\u2019.)\nforce assistant Oh, sorry about that. So you\u2019re interested in var_genre_1 films at var_theater_1, right?\nhint user (Confirm the agent\u2019s correction.)\ncall find_movies name.genre var_genre_1 name.theater var_theater_1\nresponse find_movies name.movie var_movie_1\ncall find_showtimes name.theater var_theater_1 date.showing var_date name.movie var_movie_1\nresponse find_showtimes time.showing var_movie_1_showtime_1  time.showing var_movie_1_showtime_2  time.showing var_movie_1_showtime_3\nforce assistant OK. I see one var_genre_1 movie playing at var_theater_1: var_movie_1. Remaining showtimes are var_movie_1_showtime_1, var_movie_1_showtime_2 and var_movie_1_showtime_3. Does any of those work?\nhint user (Answer positively and choose \u2018var_movie_1_showtime_3\u2019)\nforce assistant Great. And how many tickets?\nhint user (Include your earlier answer of \u2018var_people\u2019 in this response.)\nforce assistant All right. Let me confirm that you\u2019d like var_num_tickets tickets for var_movie_1 at var_theater_1 var_date at var_movie_1_showtime_3. Is that all correct?\nhint user (Confirm.)\nforce assistant Is it OK to go ahead and purchase these tickets?\nhint user (Give positive answer).\ncall book_tickets name.movie var_movie_1 name.theater var_theater_1 time.showing var_movie_1_showtime_1 num.tickets var_num_tickets date.showing var_date\nresponse book_tickets api.response success\nforce assistant OK. Your tickets are purchased and details for how to proceed have been sent to your email address. Can I help with anything else?\nhint user (polite negative answer)\nforce assistant var_success_closing\n}}\n\n{{CHECK confirm_native_speaker This conversation task was written by a native English speaker.}}\n{{CHECK confirm_logical The conversation between the user and the assistant is cooperative and logical.}}\n{{CHECK confirm_natural All the individual turns from the user (green boxes) sound natural and familiar.}}\n{{CHECK confirm_casual All the individual turns from the user (green boxes) are casual but polite.}}\n{{CHECK confirm_appropriate All the individual turns from the user (green boxes) are free of offensive or inappropriate language.}}\n",
        "utterances": [
            {
                "index": 0,
                "speaker": "user",
                "text": "Hello, I am interested in buying tickets tonight in AMC Mountain 16 theater.",
                "segments": [
                    {
                        "start_index": 41,
                        "end_index": 48,
                        "text": "tonight",
                        "annotations": [
                            {
                                "name": "date.showing"
                            }
                        ]
                    },
                    {
                        "start_index": 52,
                        "end_index": 67,
                        "text": "AMC Mountain 16",
                        "annotations": [
                            {
                                "name": "name.theater"
                            }
                        ]
                    }
                ]
            },
            {
                "index": 1,
                "speaker": "assistant",
                "text": "No problem. Is there a particular type of movie you\u2019re looking for?"
            },
            {
                "index": 2,
                "speaker": "user",
                "text": "I would say something action-like.",
                "segments": [
                    {
                        "start_index": 22,
                        "end_index": 33,
                        "text": "action-like",
                        "annotations": [
                            {
                                "name": "name.genre"
                            }
                        ]
                    }
                ]
            },
            {
                "index": 3,
                "speaker": "assistant",
                "text": "Sure. I can help with that. Let me check listings at AMC Mercado 24.",
                "segments": [
                    {
                        "start_index": 53,
                        "end_index": 67,
                        "text": "AMC Mercado 24",
                        "annotations": [
                            {
                                "name": "name.theater"
                            }
                        ]
                    }
                ]
            },
            {
                "index": 4,
                "speaker": "user",
                "text": "I wanted AMC Mountain 16, NOT AMC Mercado 24",
                "segments": [
                    {
                        "start_index": 9,
                        "end_index": 24,
                        "text": "AMC Mountain 16",
                        "annotations": [
                            {
                                "name": "name.theater"
                            }
                        ]
                    }
                ]
            },
            {
                "index": 5,
                "speaker": "assistant",
                "text": "Oh, sorry about that. So you\u2019re interested in action films at AMC Mountain 16, right?",
                "segments": [
                    {
                        "start_index": 46,
                        "end_index": 52,
                        "text": "action",
                        "annotations": [
                            {
                                "name": "name.genre"
                            }
                        ]
                    },
                    {
                        "start_index": 62,
                        "end_index": 77,
                        "text": "AMC Mountain 16",
                        "annotations": [
                            {
                                "name": "name.theater"
                            }
                        ]
                    }
                ]
            },
            {
                "index": 6,
                "speaker": "user",
                "text": "Yes.",
                "apis": [
                    {
                        "index": 6,
                        "args": {
                            "name.genre": "action",
                            "name.theater": "AMC Mountain 16"
                        },
                        "response": {
                            "name.movie_1": "No Time To Die"
                        },
                        "name": "find_movies"
                    },
                    {
                        "index": 6,
                        "args": {
                            "name.theater": "AMC Mountain 16",
                            "name.movie": "No Time To Die"
                        },
                        "response": {
                            "time.showing_1": "4:30pm",
                            "time.showing_2": "6:40pm",
                            "time.showing_3": "9:10pm"
                        },
                        "name": "find_showtimes"
                    }
                ]
            },
            {
                "index": 7,
                "speaker": "assistant",
                "text": "OK. I see one action movie playing at AMC Mountain 16: No Time To Die. Remaining showtimes are 4:30pm, 6:40pm and 9:10pm. Does any of those work?",
                "segments": [
                    {
                        "start_index": 14,
                        "end_index": 20,
                        "text": "action",
                        "annotations": [
                            {
                                "name": "name.genre"
                            }
                        ]
                    },
                    {
                        "start_index": 38,
                        "end_index": 54,
                        "text": "AMC Mountain 16:",
                        "annotations": [
                            {
                                "name": "name.theater"
                            }
                        ]
                    },
                    {
                        "start_index": 55,
                        "end_index": 69,
                        "text": "No Time To Die",
                        "annotations": [
                            {
                                "name": "name.movie"
                            }
                        ]
                    },
                    {
                        "start_index": 95,
                        "end_index": 101,
                        "text": "4:30pm",
                        "annotations": [
                            {
                                "name": "time.showing"
                            }
                        ]
                    },
                    {
                        "start_index": 103,
                        "end_index": 109,
                        "text": "6:40pm",
                        "annotations": [
                            {
                                "name": "time.showing"
                            }
                        ]
                    },
                    {
                        "start_index": 114,
                        "end_index": 120,
                        "text": "9:10pm",
                        "annotations": [
                            {
                                "name": "time.showing"
                            }
                        ]
                    }
                ]
            },
            {
                "index": 8,
                "speaker": "user",
                "text": "Oh cool, looks like 9:10 is a good choice."
            },
            {
                "index": 9,
                "speaker": "assistant",
                "text": "Great. And how many tickets?"
            },
            {
                "index": 10,
                "speaker": "user",
                "text": "Us three"
            },
            {
                "index": 11,
                "speaker": "assistant",
                "text": "All right. Let me confirm that you\u2019d like three tickets for No Time To Die at AMC Mountain 16 tonight at 9:10pm. Is that all correct?",
                "segments": [
                    {
                        "start_index": 42,
                        "end_index": 47,
                        "text": "three",
                        "annotations": [
                            {
                                "name": "num.tickets"
                            }
                        ]
                    },
                    {
                        "start_index": 60,
                        "end_index": 74,
                        "text": "No Time To Die",
                        "annotations": [
                            {
                                "name": "name.movie"
                            }
                        ]
                    },
                    {
                        "start_index": 78,
                        "end_index": 93,
                        "text": "AMC Mountain 16",
                        "annotations": [
                            {
                                "name": "name.theater"
                            }
                        ]
                    },
                    {
                        "start_index": 94,
                        "end_index": 101,
                        "text": "tonight",
                        "annotations": [
                            {
                                "name": "date.showing"
                            }
                        ]
                    },
                    {
                        "start_index": 105,
                        "end_index": 111,
                        "text": "9:10pm",
                        "annotations": [
                            {
                                "name": "time.showing"
                            }
                        ]
                    }
                ]
            },
            {
                "index": 12,
                "speaker": "user",
                "text": "Yes, that's good."
            },
            {
                "index": 13,
                "speaker": "assistant",
                "text": "Is it OK to go ahead and purchase these tickets?"
            },
            {
                "index": 14,
                "speaker": "user",
                "text": "Hells yeah.",
                "apis": [
                    {
                        "index": 14,
                        "args": {
                            "name.movie": "No Time To Die",
                            "name.theater": "AMC Mountain 16",
                            "time.showing": "4:30pm",
                            "num.tickets": "three",
                            "date.showing": "tonight"
                        },
                        "response": {
                            "status": "success"
                        },
                        "name": "book_tickets"
                    }
                ]
            },
            {
                "index": 15,
                "speaker": "assistant",
                "text": "OK. Your tickets are purchased and details for how to proceed have been sent to your email address. Can I help with anything else?"
            },
            {
                "index": 16,
                "speaker": "user",
                "text": "No, it's all right. Have a good night!"
            },
            {
                "index": 17,
                "speaker": "assistant",
                "text": "OK. Enjoy your movie!"
            }
        ],
        "filename": "data_00"
    }
]