{
    "SNIPS--train--1": {
        "original dialog id": "",
        "dialog index": 1,
        "original dialog info": {
            "task": "Intent Detection. The system response is the corresponding intent."
        },
        "log": {
            "turn id": 1,
            "user utterance": "listen to westbam alumb allergic on google music",
            "system response": "PlayMusic",
            "dialog history": "",
            "original user side information": {},
            "original system side information": {},
            "external knowledge": ""
        }
    },
    "SNIPS--train--2": {
        "original dialog id": "",
        "dialog index": 2,
        "original dialog info": {
            "task": "Intent Detection. The system response is the corresponding intent."
        },
        "log": {
            "turn id": 1,
            "user utterance": "add step to me to the 50 cl\u00e1sicos playlist",
            "system response": "AddToPlaylist",
            "dialog history": "",
            "original user side information": {},
            "original system side information": {},
            "external knowledge": ""
        }
    },
    "SNIPS--train--3": {
        "original dialog id": "",
        "dialog index": 3,
        "original dialog info": {
            "task": "Intent Detection. The system response is the corresponding intent."
        },
        "log": {
            "turn id": 1,
            "user utterance": "i give this current textbook a rating value of 1 and a best rating of 6",
            "system response": "RateBook",
            "dialog history": "",
            "original user side information": {},
            "original system side information": {},
            "external knowledge": ""
        }
    },
    "SNIPS--train--4": {
        "original dialog id": "",
        "dialog index": 4,
        "original dialog info": {
            "task": "Intent Detection. The system response is the corresponding intent."
        },
        "log": {
            "turn id": 1,
            "user utterance": "play the song little robin redbreast",
            "system response": "PlayMusic",
            "dialog history": "",
            "original user side information": {},
            "original system side information": {},
            "external knowledge": ""
        }
    },
    "SNIPS--train--5": {
        "original dialog id": "",
        "dialog index": 5,
        "original dialog info": {
            "task": "Intent Detection. The system response is the corresponding intent."
        },
        "log": {
            "turn id": 1,
            "user utterance": "please add iris dement to my playlist this is selena",
            "system response": "AddToPlaylist",
            "dialog history": "",
            "original user side information": {},
            "original system side information": {},
            "external knowledge": ""
        }
    }
}