{
    "slots": {
        "time": [
            "8 pm",
            "8:00 pm",
            "7.30 pm",
            "6 pm",
            "6.15 pm",
            "10:00 pm",
            "7 pm",
            "5 pm",
            "1 pm",
            "8.30 pm",
            "6:00 pm",
            "12 pm",
            "4:00 pm",
            "dontcare",
            "2 pm",
            "7.15 pm",
            "6.30 pm"
        ],
        "num_tickets": [
            "1",
            "4",
            "6",
            "3",
            "5",
            "2"
        ],
        "movie": [
            "from dusk till dawn",
            "trolls",
            "kevin hart",
            "certain women",
            "the handmaiden",
            "ouija",
            "miss peregrine's home for peculiar children",
            "the girl on the train",
            "the third party",
            "the love witch",
            "the magnificent seven",
            "boo! a madea halloween",
            "inferno",
            "jack reacher",
            "space jam",
            "12 angry men",
            "disney junior at the movies with mickey!",
            "denial",
            "hell or high water",
            "doctor strange",
            "hacksaw ridge",
            "kubo and the two strings",
            "gimme danger",
            "doctor who",
            "storks",
            "american pastoral",
            "avatar",
            "queen of katwe",
            "miss hokusai",
            "moonlight",
            "almost christmas",
            "the accountant",
            "keeping up with the joneses",
            "ae dil hai mushkil",
            "max steel",
            "titanic",
            "achcham yenbadhu madamaiyada",
            "arrival",
            "deepwater horizon",
            "sully",
            "a man called ove",
            "luck-key",
            "mad max",
            "aquarius",
            "loving",
            "train to busan",
            "bakit lahat ng guwapo may boyfriend?!",
            "sahasam swasaga sagipo",
            "desierto",
            "mr. donkey",
            "the eagle huntress",
            "chaar sahibzaade",
            "shut in",
            "middle school",
            "rock on 2"
        ],
        "date": [
            "wednesday",
            "tomorrow",
            "tonight",
            "friday",
            "tuesday",
            "next monday",
            "sunday",
            "today",
            "saturday"
        ],
        "theatre_name": [
            "century 25 union city and xd",
            "amc newpark 12",
            "amc cupertino square 16",
            "shoreline theater",
            "camera 7",
            "angelika",
            "century cinemas 16",
            "amc mercado",
            "cinemark 12 downtown san mateo",
            "amc saratoga 14",
            "amc mercado 20",
            "century 20 great mall",
            "century at pacific commons",
            "cinelux plaza theatre",
            "cinemark redwood downtown 20 and xd",
            "aquarius",
            "lincoln square cinemas",
            "cinearts @ santana row",
            "cinelux almaden cafe & lounge",
            "the stanford theater"
        ]
    },
    "intents": [
        "GREETING",
        "OTHER",
        "CANT_UNDERSTAND",
        "NEGATE",
        "THANK_YOU",
        "GOOD_BYE",
        "INFORM",
        "AFFIRM"
    ]
}