{
    "restaurants": {
        "slots": {
            "dietary_restrictions": [
                "Kosher",
                "Halal",
                "don't care",
                "Vegetarian Friendly",
                "Gluten Free Options",
                "Vegan Options"
            ],
            "rating": [
                "nine",
                1,
                2,
                3,
                4,
                5,
                6,
                7,
                8,
                9,
                10,
                "two",
                "six",
                "don't care",
                "eight",
                "three",
                "one",
                "five",
                "ten",
                "four",
                "seven"
            ],
            "cuisine": [
                "Cajun and Creole",
                "American",
                "don't care",
                "Canadian",
                "Albanian",
                "Lebanese",
                "Healthy",
                "Neapolitan",
                "Mongolian",
                "Cafe",
                "Israeli",
                "Turkish",
                "Northern-Italian",
                "Native American",
                "Contemporary",
                "Portuguese",
                "Malaysian",
                "Central Italian",
                "Egyptian",
                "Belgian",
                "Caribbean",
                "Barbecue",
                "Asian",
                "Brazilian",
                "Australian",
                "European",
                "Norwegian",
                "Campania",
                "Filipino",
                "Persian",
                "International",
                "Grill",
                "Fast Food",
                "Taiwanese",
                "Thai",
                "Argentinean",
                "North Italian",
                "Bar",
                "Singaporean",
                "Nepali",
                "Deli",
                "Peruvian",
                "Afghani",
                "African",
                "Catalan",
                "Indian",
                "Central-Italian",
                "Romana",
                "British",
                "Latin",
                "Fujian",
                "Sri Lankan",
                "Indonesian",
                "Scandinavian",
                "Cajun & Creole",
                "Japanese Fusion",
                "Mediterranean",
                "South American",
                "Sicilian",
                "Lazio",
                "Czech",
                "Greek",
                "Chilean",
                "Steakhouse",
                "Seafood",
                "Burmese",
                "Irish",
                "Beer restaurants",
                "Russian",
                "Central Asian",
                "Yunnan",
                "Colombian",
                "Arabic",
                "Italian",
                "Moroccan",
                "Pakistani",
                "Mexican",
                "Spanish",
                "German",
                "Japanese sweets parlour",
                "Vietnamese",
                "Polynesian",
                "Dining bars",
                "Dutch",
                "Kaiseki",
                "Middle Eastern",
                "Eastern European",
                "Brew Pub",
                "Diner",
                "Cuban",
                "Fusion",
                "Austrian",
                "New Zealand",
                "Beijing cuisine",
                "Soups",
                "Korean",
                "Central European",
                "Pub",
                "Pizza",
                "Gastropub",
                "Armenian",
                "French",
                "Medicinal foods",
                "Kappo",
                "Swiss",
                "Hawaiian",
                "Ukrainian",
                "Southern-Italian",
                "Central American",
                "Street Food",
                "Swedish",
                "Caucasian",
                "Tuscan",
                "Southwestern",
                "Sushi",
                "Wine Bar",
                "Chinese",
                "Japanese"
            ],
            "location": [
                "Yuen Long",
                "Bays Area",
                "Kennedy Town and Mount Davis",
                "Tuen Mun",
                "don't care",
                "Kwun Lung",
                "Happy Valley",
                "Tai Po",
                "Kwai Fong",
                "Eastern District",
                "Kwai Tsing",
                "Sai Kung",
                "Tai Hang",
                "Lai Chi Kok",
                "Sham Shui Po District",
                "Victoria Park",
                "San Po Kong",
                "TKO",
                "Tin Wan",
                "Tsim Sha Tsui",
                "Sai Wan Ho",
                "Quarry Bay",
                "Sai Ying Pun",
                "Pok Fu Lam",
                "Tai Po Hui",
                "Tsing Yi",
                "Tseung Kwan O",
                "City Garden",
                "Shek Tong Tsui",
                "Tsuen Wan",
                "Lei King Wan",
                "North Point",
                "Shau Kei Wan",
                "New Territories",
                "Stubbs Road",
                "Cheung Chau",
                "Belcher",
                "Jordan and Yau Ma Tei",
                "Western (Sai Wan)",
                "Austin",
                "Hung Hom",
                "Tsuen Wan West",
                "Kwun Tong District",
                "Jordan / Yau Ma Tei",
                "Whampoa",
                "Tai Koo Shing West",
                "Mid Levels",
                "Water Street",
                "Discovery Bay",
                "Kowloon Bay",
                "Stanley",
                "Hennessy Road",
                "Sha Tin",
                "Wan Chai / Causeway Bay",
                "Fortress Hill",
                "Healthy Village",
                "Southorn Playground",
                "Western District",
                "Kowloon",
                "Yau Tsim Mong District",
                "Ma On Shan",
                "TST",
                "Southern District",
                "Sheung Wan",
                "Canal Road",
                "Hong Kong Island",
                "Mong Kok",
                "Olympic",
                "Central District",
                "Wong Chuk Hang",
                "Lantau Island",
                "Tin Hau",
                "Kennedy Town & Mount Davis",
                "Kowloon City District",
                "Central",
                "Tai Fat Hau",
                "Tung Chung",
                "Kwun Tong",
                "Wan Chai and Causeway Bay",
                "Nam Cheong",
                "Peak",
                "Lamma Island",
                "Islands District"
            ],
            "name": [
                "Mak's Noodle",
                "Loveat - Persian Cuisine",
                "Cafe REVOL",
                "Dim Sum Square",
                "Sisombath Restaurant",
                "Social Place",
                "Bostonian Seafood & Grill",
                "Islam Food",
                "Pica Pica",
                "Waffling Beans",
                "Aqua Roma, Aqua Tokyo and Aqua Spirit",
                "Petrus",
                "Nadaman, Kowloon Shangri-la Hong Kong",
                "The Alchemist Mail Cafe",
                "The Gallery",
                "Bep Vietnamese Kitchen",
                "Cambo",
                "Top Grade Hot Pot",
                "Sodam Chicken",
                "Bookworm Cafe",
                "Cafe Crepe",
                "Kanizen",
                "Yakiniku More",
                "Zaks",
                "Mamaday Cafe",
                "Home Sweet Home",
                "Shanghai Garden",
                "Santorini Greek Restaurant",
                "Fuunmaru",
                "Hay Wong",
                "Bun Cha Vietnamese",
                "Istanbul Kebab",
                "Los Sotano",
                "Lung King Heen",
                "Pho Vietnamese Restaurant",
                "Silencio",
                "Sichuan Lab",
                "Tsim Chai Kee",
                "Beef & Liberty Stanley Burgers",
                "Koh Tomyums",
                "Mighty Vegetarian",
                "Pici Pasta Bar Wanchai",
                "Victoria Harbour Roasted Goose Seafood Restaurant",
                "Istanbul Turkish Grills and Kebabs",
                "Woobar",
                "The Madhouse",
                "Lamees",
                "Sorabol",
                "Lan Fong Yuen",
                "Motorino Wan Chai",
                "Casablanca Restaurant and Cafe",
                "Velo Italian Bar & Grill",
                "Havana Bar",
                "El Cerdo",
                "Ma's Restaurant",
                "Beef and Liberty, Hong Kong International Airport",
                "Peek-A-Poke",
                "The Chairman",
                "8Five2 Restobar",
                "L'aLtro",
                "Mad for Garlic",
                "Chom Chom",
                "Under the Bridge Spicy Crab",
                "The Place",
                "Elixir",
                "Inaniwa Udon Nabe",
                "Nagasakayaki",
                "TM's by The Den Pete's Place",
                "Hongding Hotpot",
                "Burger Joys",
                "Mochi Cafe",
                "Saigon Pho",
                "Sun Hing",
                "Westwood Carvery",
                "Sang Kee Congee Shop",
                "Indonesian Sate House",
                "Black Cherry Coffee",
                "Sukiyaki Mori",
                "Chicken On the Run",
                "Pizza Express K11",
                "Le Pain Quotidien",
                "Hotal Colombo",
                "Deng G",
                "Joy Hing Food Shop",
                "Marina Kitchen and Marina Cafe",
                "Cafe De Coral",
                "Prosit Wine Bar and Restaurant",
                "Tequila On Davis",
                "Bedana's Filipino Restaurant",
                "Bathers",
                "Fang Fang",
                "Tapaella grill",
                "Pivo Czech Bar",
                "Tipsy Restaurant & Bar",
                "Tak Kee Chiu Chou Restaurant",
                "Berliner German Bar and Restaurant Olympian City Branch",
                "Stazione Novella",
                "Uma Nota",
                "Smugglers Inn",
                "Sahara",
                "Manakamana Nepali Restaurant",
                "Nicholini's, Conrad Hong Kong",
                "Cafe, Hyatt Regency Hong Kong, Tsim Sha Tsui",
                "Pure Veggie House",
                "Shikon by Yoshitake",
                "Cruise",
                "Nice Yakiniku and Fine Wine",
                "Giabar Bistro Food and Wine Store",
                "Chachawan",
                "Fish School",
                "Odelice! - Tseung Kwan O",
                "Le Viet",
                "La Paloma",
                "Castellana Restaurant",
                "China Club",
                "11Westside",
                "Hot Dog Link",
                "Ser Wong Fun",
                "BRICK LANE",
                "Grand Hyatt Steakhouse",
                "Amber",
                "Antipasto - Elgin street",
                "Akita Hamayaki",
                "The Right Place",
                "22 Ships",
                "Cafe 103",
                "The Parish",
                "ChocoDuck Bistro",
                "IACA Superfood Bar",
                "b+bc cafe - Tseung Kwan O",
                "Locofama",
                "Yadllie Plate",
                "Mul Hayam",
                "Wooloomooloo Steakhouse",
                "Peking Garden Restaurant",
                "Warung Malang",
                "Chef Studio by Eddy",
                "Spices",
                "Cali-Mex Bar & Grill",
                "The Big Bite Flame-Grill",
                "Yokozuna",
                "Kings' Lodge",
                "Poem",
                "Babacio",
                "Fook Lam Moon",
                "Fete Up",
                "Islamic Centre Canteen",
                "Dandy's Organic Cafe - Sheung Wan",
                "Fish Bar",
                "Pastis Bistro Francais",
                "Kim & Co Cafe",
                "Spring Moon",
                "Paradise Dynasty",
                "Doctor Beans",
                "The Big Bite",
                "Sing Heung Yuen",
                "ChaosHotpoter",
                "Plat du Jour",
                "RA Restaurant & Lounge",
                "Chilli Fagara",
                "Mask of Sichuan and Beijing",
                "Lost Stars Livehouse Bar & Eatery",
                "Koh-i-Noor Indian Restaurant",
                "Umami Restaurant and Bar",
                "Little Mario's Pizzeria",
                "Sing Kee Seafood Restaurant",
                "Fuhn",
                "Cadillac Bar & Grill",
                "Rajasthan Rifles",
                "Mr & Mrs Fox",
                "Gaia Veggie Shop",
                "Say Cheese",
                "De Luna Tapas Bar And Restaurant",
                "Orange Tree Restaurant",
                "ICHIRAN",
                "Blue Bar at Four Seasons",
                "Fisher & Farmer",
                "Bongchu Jjimdak",
                "The Monogamous Chinese",
                "Shia Wong Hip",
                "Wahtiki Island Lounge",
                "Disney's Hollywood Hotel - Chef Mickey",
                "Dimpal Fusion Restaurant and Bar",
                "Te Quiero Mucho",
                "Sedap Malaysian Delights",
                "Honi Honi Tiki Cocktail Lounge",
                "27 Kebab House Turkish Restaurant",
                "Nathanhouse",
                "Happy Veggies",
                "BLT Burger",
                "1453 Ottoman - Medterranean & Turkish Cuisine",
                "Ding Dim 1968",
                "Pampas Argentinian Steakhouse",
                "Deer Horn Restaurant & Bar",
                "Chao Chao",
                "Bistecca Italian Steak House",
                "DiVino Wine Bar & Restaurant",
                "Gaddi's",
                "Kappo ro ann",
                "Istanbul Express",
                "Le Salon de The de Joel Robuchon Tsim Sha Tsui",
                "Myung Ga Korean Restaurant Tsim Sha Tsui Branch",
                "Sensory zero",
                "Pizzeria Jacomax",
                "Indian Curry King",
                "Taqueria Super Macho",
                "Lee Ho Sing",
                "Cafe Renaissance",
                "Serendib",
                "Hong Zhou Restaurant",
                "Rhoda",
                "Goteborg Restaurant",
                "Flames",
                "Metropark Hotel Kowloon - Sip Sip Bar",
                "Casa Pennington",
                "Daiichi Hotpot",
                "Winstons Coffee",
                "Si Yik Cha Chan Teng",
                "Grissini",
                "Bulldog's Bar & Grill",
                "Bombay Dreams",
                "Bo Innovation",
                "Mama Malouf",
                "Chaiwala",
                "Giabar Bistro Food & Wine Store",
                "Metropolitain",
                "Satay Inn",
                "Trattoria Caffe' Monteverdi",
                "Cheng Banzhang Taiwan Delicacy",
                "Dacha",
                "Uncle Padak",
                "Ming Court",
                "Ho Lee Fook",
                "Assembly",
                "Joia Ristorante / Joia Cafe & Bar",
                "Motorino SoHo",
                "veggie SF",
                "Zahrabel",
                "Sun Thai Restaurant",
                "Soo Viet",
                "Summer Ice",
                "Clipper Lounge",
                "Seaview Cafe",
                "Braza Churrascaria Brazilian Steakhouse",
                "TRi",
                "The Point",
                "Mabao Cart Noodle",
                "Fisher and Farmer",
                "Kung Wo Beancurd",
                "Giando Italian Restaurant & Bar",
                "Honjo",
                "IPPOH tempura restaurant",
                "Nahm Vietnamese and Thai",
                "1968 Indonesian Restaurant",
                "Subway",
                "VEA Restaurant and Lounge",
                "Amina Modern European",
                "Gastrobox by Okapi Cafe",
                "Sole Mio",
                "Sichuan Paradise",
                "Chullschick",
                "Din Tai Fung",
                "Firenze Italian Mediterranean Cuisine",
                "33 cafe y mucho mas",
                "cafe aout",
                "Wing Lai Yuen Sze Chuen Noodles Restaurant",
                "WoZi",
                "Summer Palace",
                "Wildfire Pizzabar",
                "Capo",
                "Morton's - The Steakhouse",
                "Baba Nyonya Restaurant",
                "Tim Ho Wan Sham Shui Po",
                "Gia Trattoria Italiana",
                "Le 188\u00b0 Restaurant and Lounge",
                "Falafel TLV",
                "CATCH.",
                "Confusion Plant Based Kitchen",
                "Rustico",
                "Three Blind Mice",
                "Frantzen\u2019s Kitchen",
                "Osteria Ristorante Italiano at Holiday Inn Golden Mile",
                "Cucina",
                "Bizou American Brasserie",
                "Cafe Causette",
                "Nice Yakiniku & Fine Wine",
                "Dynasty",
                "Istanbul Express Turkish Restaurant",
                "Picada",
                "DiVino Patio",
                "MOKUTAN",
                "Mak Man Kee Noodle Shop",
                "Simplylife Bakery Cafe",
                "La Padella",
                "OM Tapas",
                "Tequila Jack's",
                "Isono Suisan",
                "Wan Chai Stadium",
                "Wolfgang Puck Kitchen",
                "Heyitai Restaurant",
                "Hong Kong Day",
                "MeokBang Korean BBQ & BAR",
                "Our Restaurant - Turkish Doner Kebab Halal Food",
                "Nectar",
                "Little Chilli",
                "Sha Tin 18 - Hyatt Regency Hong Kong, Sha Tin",
                "Tipsy Tap",
                "EXP",
                "NOBU",
                "Emporio Antico Bar & Restaurant",
                "DUB | Concept by SAAM",
                "Andy's Garage",
                "Palm Court Lounge",
                "Ham & Sherry",
                "Branto Indian Vegetarian Restaurant",
                "Le Reve",
                "Hungry Korean",
                "Sangeetha Vegetarian Restaurant Hong Kong",
                "Sister Wah",
                "Lobster Bar and Grill",
                "Chesa",
                "ND42 Bar & Lounge",
                "IKEA Restaurant & Cafe",
                "Sher-E-Punjab",
                "Le 188\u00b0 Restaurant & Lounge",
                "Padang Restaurant",
                "Thyme",
                "Mitsuan Honzen",
                "Mei Wei Jia",
                "Andy\u2019s Burger",
                "Hyatti Restaurant",
                "McSorley's Brewhouse and Grill",
                "Ba Sushi and Japanese Food",
                "IKEA Cafe",
                "Robatayaki",
                "Bistro East",
                "Tosca di Angelo",
                "Little Bao Diner",
                "The Cafe",
                "GOTTHARD BASE Restaurant & Lounge",
                "Kebab2go",
                "Golden Valley",
                "LE PAN",
                "Woo Cow Hotpot",
                "Komune",
                "ROJO Hong Kong",
                "Present Cafe & Bar",
                "Spice Restaurant and Bar",
                "Gateway Cuisine",
                "COA",
                "FUMI",
                "Maya Cafe Mediterranean Lifestyle",
                "Wolfgang's Steakhouse",
                "Kishoku",
                "Coyote Mexican Cantina Discovery Bay",
                "Shing Kee Noodles",
                "DimDimSum Dim Sum Specialty Store",
                "The Door Northern Chinese Dining",
                "The Flying Pan",
                "Thai Farmer Restaurant",
                "FINDS",
                "Beef & Liberty, Hong Kong International Airport",
                "Lobby Lounge",
                "Spring Field",
                "Mono",
                "Crystal Jade La Mian Xiao Long Bao",
                "New Curry Pot",
                "Carbone",
                "Feather & Bone - Sai Ying Pun",
                "Tim Kee French Sandwiches",
                "The Ocean by Olivier Bellin",
                "Canton Pot",
                "Fleur de Sel",
                "Ebeneezer's Kebab",
                "Gozen Edo Japanese Restaurant",
                "Mon Kee Cafe - Tsim Sha Tsui",
                "Isara",
                "Locomotive Contemproary Vietnamese Cuisine",
                "Hing Kee Claypot Rice Restaurant",
                "Mirage Bar & Restaurant",
                "Tai Yuen Seafood Restaurant",
                "Tango Argentinian Steak House",
                "Papillon Caffe",
                "Coyote Bar and Grill",
                "The Optimist",
                "Enoteca Elgin Street",
                "Sky Lounge",
                "The Grill Room",
                "Ned Kelly's Last Stand",
                "65 Peel",
                "Brasserie on the Eighth at Conrad Hong Kong",
                "Postcollectionhk Cafe",
                "Ichu",
                "Staunton's Wine Bar-Cafe",
                "LA RAMBLA by Catalunya",
                "Associazione Chianti",
                "Yan Wo Dou Bun Chong",
                "Enchanted Garden Restaurant",
                "Beef and Liberty Stanley Burgers",
                "Green Waffle Diner",
                "Ebeneezer's Kebabs & Pizzeria",
                "Hooked",
                "Velo Italian Bar and Grill",
                "King's Belly",
                "Aqua Roma, Aqua Tokyo & Aqua Spirit",
                "Noodies",
                "One Dim Sum Chinese Restaurant",
                "Ruby Tuesday",
                "Taco Chaca",
                "La Postre",
                "COBO HOUSE",
                "The Steak House Winebar + Grill",
                "Zuma",
                "Green Common The FOREST",
                "The Jungle",
                "Qi House of Sichuan",
                "Genki Sushi",
                "Sushi Tsubomi",
                "McSorley's Brewhouse & Grill",
                "Mean Noodles",
                "Emporio Antico Bar and Restaurant",
                "La Table French Brasserie",
                "TOMATO C HING",
                "Blue Supreme",
                "Present Cafe and Bar",
                "JW Cafe",
                "Samsen"
            ],
            "user_name": [
                "Frances",
                "Jason",
                "Marie",
                "Christine",
                "Sandra",
                "Rose",
                "Emily",
                "Willie",
                "Victoria",
                "Rebecca",
                "Philip",
                "Lisa",
                "Melissa",
                "Frank",
                "Virginia",
                "Teresa",
                "Amanda",
                "Douglas",
                "Margaret",
                "Linda",
                "Dylan",
                "Jesse",
                "Dorothy",
                "Amber",
                "Andrea",
                "George",
                "Christian",
                "Debra",
                "Scott",
                "Cheryl",
                "Shirley",
                "Alexis",
                "Sharon",
                "Nathan",
                "Isabella",
                "Alice",
                "Peter",
                "Susan",
                "Samantha",
                "Carl",
                "Hannah",
                "William",
                "Helen",
                "Gregory",
                "James",
                "Elizabeth",
                "Pamela",
                "Johnny",
                "Timothy",
                "Patricia",
                "Sara",
                "Angela",
                "Ann",
                "Jeffrey",
                "Emma",
                "Daniel",
                "Paul",
                "Stephen",
                "Jose",
                "Vincent",
                "Christina",
                "Keith",
                "Walter",
                "Benjamin",
                "Joan",
                "Stephanie",
                "Anthony",
                "Gabriel",
                "Kathryn",
                "Carol",
                "Charlotte",
                "Joseph",
                "Rachel",
                "Terry",
                "Ryan",
                "Alexander",
                "Kimberly",
                "Dennis",
                "Cynthia",
                "Mary",
                "Diane",
                "Jennifer",
                "Beverly",
                "Maria",
                "Bruce",
                "Joe",
                "Laura",
                "Edward",
                "Austin",
                "Megan",
                "Donna",
                "Janet",
                "John",
                "Christopher",
                "Marilyn",
                "Brenda",
                "Arthur",
                "Gerald",
                "Karen",
                "Eric",
                "Katherine",
                "Kathleen",
                "Janice",
                "Nicholas",
                "Billy",
                "Richard",
                "Jonathan",
                "Patrick",
                "Noah",
                "Barbara",
                "Albert",
                "Bobby",
                "Jacob",
                "Louis",
                "Jessica",
                "Joyce",
                "Doris",
                "Grace",
                "Joshua",
                "Sean",
                "Ronald",
                "Ashley",
                "Kelly",
                "Judith",
                "Denise",
                "Larry",
                "Alan",
                "Danielle",
                "Charles",
                "Lawrence",
                "Ruth",
                "Carolyn",
                "Raymond",
                "Jack",
                "Henry",
                "Logan",
                "Mark",
                "Gary",
                "Natalie",
                "Sophia",
                "Steven",
                "Jean",
                "Catherine",
                "Kevin",
                "Gloria",
                "Adam",
                "Harold",
                "Roy",
                "Kenneth",
                "Aaron",
                "Abigail",
                "Martha",
                "Samuel",
                "Tyler",
                "Olivia",
                "Michael",
                "Jacqueline",
                "Bryan",
                "Russell",
                "Diana",
                "Deborah",
                "Donald",
                "Jordan",
                "Robert",
                "Lauren",
                "Kyle",
                "Matthew",
                "David",
                "Bradley",
                "Wayne",
                "Brandon",
                "Theresa",
                "Brian",
                "Andrew",
                "Michelle",
                "Brittany",
                "Thomas",
                "Jerry",
                "Madison",
                "Judy",
                "Juan",
                "Roger",
                "Ethan",
                "Justin",
                "Betty",
                "Randy",
                "Nancy",
                "Nicole",
                "Amy",
                "Kayla",
                "Eugene",
                "Anna",
                "Zachary",
                "Jeremy",
                "Evelyn",
                "Heather",
                "Ralph",
                "Julia",
                "Sarah"
            ],
            "time": [
                "12:50 am",
                "3:20 am",
                "12:40 am",
                "8:50 am",
                "7:00 am",
                "3:10 in the afternoon",
                "11:40 am",
                "3:30 in the afternoon",
                "4:50 pm",
                "9:40 in the morning",
                "10:00 am",
                "5:20 pm",
                "3:40 am",
                "9:30 in the morning",
                "11:00 pm",
                "4:40 am",
                "5:50 am",
                "6:10 pm",
                "7:30 am",
                "6:00 pm",
                "1 pm",
                "4:20 in the afternoon",
                "8:10 pm",
                "10:20 in the morning",
                "6:30 pm",
                "10:20 am",
                "3:30 pm",
                "2:40 in the afternoon",
                "1:20 in the afternoon",
                "12:30 pm",
                "3:20 in the afternoon",
                "10:10 am",
                "3:10 pm",
                "9:10 am",
                "4:40 in the afternoon",
                "11:20 pm",
                "5:50 pm",
                "2:50 in the afternoon",
                "2:10 in the afternoon",
                "7:30 pm",
                "7:50 pm",
                "7:20 am",
                "6:10 am",
                "9:20 in the morning",
                "10:50 pm",
                "11:50 in the morning",
                "1:40 in the afternoon",
                "8:30 pm",
                "5:40 pm",
                "5 pm",
                "12:40 pm",
                "2:10 am",
                "4:30 in the afternoon",
                "12 at noon",
                "8 pm",
                "7:40 pm",
                "2:20 am",
                "11:10 in the morning",
                "4:30 pm",
                "1:10 pm",
                "10:30 in the morning",
                "10:50 am",
                "5:10 am",
                "12:00 am",
                "2:20 in the afternoon",
                "2:00 pm",
                "4:50 in the afternoon",
                "1:40 pm",
                "2:30 pm",
                "3 pm",
                "1:50 in the afternoon",
                "9:30 am",
                "9:50 in the morning",
                "10:30 pm",
                "11:40 in the morning",
                "3:40 pm",
                "11:20 am",
                "8:50 pm",
                "10 am in the morning",
                "1:30 pm",
                "6:50 am",
                "2:10 pm",
                "9:20 am",
                "4 pm in the afternoon",
                "10:10 pm",
                "5:30 am",
                "3:40 in the afternoon",
                "11:30 in the morning",
                "12:00 pm",
                "10 pm",
                "5:00 pm",
                "7:50 am",
                "4:20 pm",
                "9:30 pm",
                "1:50 pm",
                "2:30 in the afternoon",
                "1:20 pm",
                "7:10 pm",
                "10:50 in the morning",
                "9:50 am",
                "1 pm in the afternoon",
                "4 pm",
                "7:00 pm",
                "5:30 pm",
                "2:50 am",
                "12:10 pm",
                "8:40 pm",
                "2 pm in the afternoon",
                "8:00 pm",
                "11:00 am",
                "6:20 pm",
                "3:50 in the afternoon",
                "9:10 pm",
                "10:10 in the morning",
                "6:50 pm",
                "5:10 pm",
                "1:50 am",
                "4:00 pm",
                "11:30 am",
                "12:20 pm",
                "3 pm in the afternoon",
                "12:30 am",
                "11:50 am",
                "8:20 pm",
                "11:40 pm",
                "9 pm",
                "7:20 pm",
                "2:40 pm",
                "3:20 pm",
                "12:50 pm",
                "11:10 am",
                "10:00 pm",
                "4:20 am",
                "10:30 am",
                "1:00 pm",
                "9:00 pm",
                "9:40 pm",
                "4:40 pm",
                "1:10 in the afternoon",
                "3:50 pm",
                "6:40 pm",
                "10:40 in the morning",
                "6 pm",
                "11 am in the morning",
                "9:20 pm",
                "4:10 in the afternoon",
                "4:10 pm",
                "12 pm",
                "2:50 pm",
                "2:20 pm",
                "2 pm",
                "11:10 pm",
                "3:00 pm",
                "7 pm",
                "7:40 am",
                "10:40 am",
                "11:20 in the morning",
                "9:00 am",
                "9:50 pm",
                "1:30 in the afternoon"
            ],
            "date": [
                "Jun 18",
                "January 22",
                "September 21",
                "April 25",
                "December 28",
                "February 3",
                "September 27",
                "November 7",
                "March 28",
                "July 8th",
                "Sep 17",
                "13rd of July",
                "1st of December",
                "June 8",
                "Feb 27",
                "26th of February",
                "November 16th",
                "5th of November",
                "20th of December",
                "9th of July",
                "February 13",
                "January 14",
                "July 11st",
                "December 15",
                "April 10",
                "Dec 10",
                "October 27",
                "May 14",
                "17th of January",
                "September 12nd",
                "December 12",
                "Jul 14",
                "October 17",
                "January 7",
                "February 5",
                "July 21",
                "5th of April",
                "April 21",
                "March 5th",
                "Apr 8",
                "June 27",
                "Jun 14",
                "March 20",
                "22nd of October",
                "July 4th",
                "Dec 21",
                "Jan 24",
                "June 22",
                "21st of February",
                "August 12",
                "Nov 26",
                "Oct 24",
                "July 17",
                "November 8th",
                "Dec 9",
                "today",
                "October 14",
                "September 6th",
                "February 24th",
                "Jan 20",
                "June 9",
                "8th of February",
                "Monday",
                "March 9",
                "January 2",
                "Dec 15",
                "February 9th",
                "September 10",
                "November 20",
                "December 25",
                "January 25",
                "March 23",
                "October 9",
                "Feb 13",
                "August 21",
                "Jun 28",
                "September 4",
                "February 26th",
                "January 15",
                "May 6",
                "May 4",
                "September 20",
                "Jun 21",
                "August 5th",
                "4th of January",
                "July 26th",
                "Apr 23",
                "April 20",
                "December 12nd",
                "Aug 28",
                "20th of January",
                "September 23",
                "Jan 7",
                "17th of August",
                "October 13",
                "January 28",
                "December 24",
                "January 24",
                "Nov 2",
                "22nd of March",
                "Feb 18",
                "February 21",
                "12nd of May",
                "January 17",
                "November 22nd",
                "17th of May",
                "February 7",
                "July 20th",
                "February 9",
                "December 26",
                "April 15",
                "June 14",
                "February 15",
                "November 6",
                "July 3rd",
                "February 24",
                "July 17th",
                "May 12",
                "May 8",
                "March 19",
                "August 13",
                "tomorrow",
                "Sep 27",
                "December 4th",
                "10th of August",
                "December 26th",
                "Jul 2",
                "9th of October",
                "November 13rd",
                "August 3",
                "November 12",
                "18th of November",
                "Saturday",
                "June 5th",
                "April 13rd",
                "April 4",
                "August 4",
                "August 8th",
                "Feb 9",
                "December 5",
                "Feb 8",
                "April 11",
                "October 28",
                "March 16",
                "Aug 23",
                "July 16",
                "June 4",
                "March 7",
                "Jan 13",
                "14th of May",
                "February 8th",
                "June 6",
                "September 17",
                "July 9th",
                "Jul 8",
                "Jun 10",
                "May 19",
                "May 2",
                "Sep 19",
                "June 3",
                "June 9th",
                "Nov 24",
                "Dec 11",
                "October 15",
                "February 22",
                "2nd of March",
                "August 1",
                "Sep 5",
                "9th of January",
                "November 14th",
                "July 5",
                "March 17",
                "October 8",
                "1st of August",
                "April 22",
                "14th of December",
                "August 25",
                "March 14",
                "11st of April",
                "Jan 2",
                "September 20th",
                "January 4",
                "May 9",
                "August 26",
                "Jun 26",
                "5th of March",
                "December 2",
                "June 25",
                "August 13rd",
                "July 6th",
                "Apr 4",
                "May 15",
                "Jul 19",
                "July 18",
                "July 27",
                "Apr 18",
                "Oct 12",
                "April 5",
                "December 10th",
                "November 5",
                "November 28",
                "Jul 26",
                "April 2",
                "February 8",
                "July 2",
                "July 23rd",
                "October 4",
                "August 6",
                "Sep 24",
                "Mar 12",
                "Apr 12",
                "4th of April",
                "November 27",
                "May 8th",
                "September 9",
                "October 3",
                "November 14",
                "January 1st",
                "11st of January",
                "September 3rd",
                "4th of October",
                "7th of April",
                "Sep 20",
                "27th of June",
                "October 6",
                "Mar 18",
                "January 20",
                "August 18",
                "February 12",
                "September 28",
                "24th of September",
                "March 3rd",
                "September 19",
                "April 6",
                "September 6",
                "March 20th",
                "June 24",
                "May 21",
                "March 2",
                "February 6",
                "October 5th",
                "May 20",
                "Aug 4",
                "8th of March",
                "October 24",
                "Nov 1",
                "June 7",
                "August 19",
                "August 16",
                "17th of September",
                "February 2",
                "Aug 26",
                "13rd of December",
                "13rd of April",
                "Oct 6",
                "15th of August",
                "27th of September",
                "Oct 3",
                "May 17th",
                "December 10",
                "March 4",
                "Jul 20",
                "March 2nd",
                "October 11",
                "July 9",
                "October 5",
                "July 11",
                "January 27",
                "13rd of January",
                "January 6",
                "March 8",
                "December 4",
                "December 9th",
                "Jul 7",
                "February 1",
                "July 3",
                "August 14",
                "October 10",
                "14th of June",
                "July 22nd",
                "Wednesday",
                "February 3rd",
                "October 2nd",
                "May 13",
                "September 15",
                "May 9th",
                "Feb 5",
                "Sep 26",
                "Jul 15",
                "April 28",
                "January 14th",
                "Jan 26",
                "March 5",
                "September 14",
                "September 27th",
                "Aug 13",
                "December 27th",
                "May 26",
                "December 8",
                "August 7",
                "May 23",
                "6th of December",
                "October 20",
                "August 10",
                "April 3",
                "December 16",
                "May 5",
                "November 21",
                "March 22",
                "December 1",
                "November 24",
                "October 7",
                "April 12nd",
                "19th of December",
                "October 26",
                "February 17",
                "May 10",
                "Jul 1",
                "January 16",
                "March 24",
                "October 23rd",
                "3rd of March",
                "Mar 19",
                "October 23",
                "January 21",
                "February 10",
                "May 16",
                "December 13",
                "September 11",
                "September 1",
                "March 10",
                "November 4th",
                "Sep 11",
                "January 18",
                "16th of March",
                "April 12",
                "December 13rd",
                "November 7th",
                "13rd of August",
                "Jun 11",
                "July 15",
                "28th of June",
                "September 5",
                "Apr 11",
                "August 2",
                "December 15th",
                "Nov 8",
                "24th of July",
                "Sunday",
                "November 23",
                "Apr 9",
                "October 19",
                "October 21",
                "March 15",
                "Oct 21",
                "25th of July",
                "May 7",
                "Jun 8",
                "July 4",
                "13rd of November",
                "Tuesday",
                "Feb 16",
                "April 17",
                "November 17",
                "December 28th",
                "April 23",
                "4th of July",
                "April 3rd",
                "Jan 9",
                "August 23",
                "January 11",
                "August 11",
                "March 27th",
                "27th of January",
                "May 28th",
                "18th of April",
                "April 26",
                "February 4",
                "October 25",
                "January 26",
                "August 15",
                "Feb 25",
                "February 16",
                "Dec 13",
                "March 18th",
                "November 2",
                "Jun 9",
                "Jan 27",
                "June 16",
                "10th of February",
                "September 24",
                "September 25",
                "March 21",
                "January 5",
                "February 11st",
                "July 23",
                "10th of October",
                "April 24",
                "December 6",
                "November 9",
                "April 19",
                "12nd of November",
                "April 17th",
                "December 19",
                "Apr 13",
                "October 15th",
                "June 12",
                "November 18",
                "September 22",
                "June 17",
                "July 7",
                "November 26th",
                "November 26",
                "June 2",
                "3rd of August",
                "August 20",
                "October 12",
                "November 25",
                "January 1",
                "April 18",
                "8th of November",
                "18th of February",
                "Friday",
                "Aug 18",
                "June 1",
                "Mar 27",
                "September 26",
                "December 7",
                "June 18",
                "August 8",
                "September 12",
                "Thursday",
                "December 11",
                "March 11",
                "November 4",
                "August 17",
                "February 20",
                "January 7th",
                "September 8",
                "August 5",
                "January 3rd",
                "November 3",
                "November 22",
                "April 13",
                "November 16",
                "February 27",
                "Oct 15",
                "January 5th",
                "July 24",
                "7th of January",
                "March 13",
                "May 22",
                "Nov 3",
                "April 7",
                "8th of April",
                "17th of April",
                "July 28",
                "June 10",
                "June 21",
                "October 18",
                "July 8",
                "Oct 2",
                "March 25",
                "May 24",
                "2nd of August",
                "Dec 1",
                "January 10",
                "August 27th",
                "October 22",
                "18th of December",
                "September 5th",
                "Jun 1",
                "June 26",
                "Nov 15",
                "10th of May",
                "Oct 25",
                "6th of September",
                "May 25",
                "November 1",
                "June 20",
                "March 18",
                "October 22nd",
                "December 20th",
                "22nd of January",
                "March 26",
                "September 2",
                "April 1",
                "November 11",
                "January 13"
            ],
            "number_of_people": [
                "nine",
                1,
                2,
                3,
                4,
                5,
                6,
                7,
                8,
                9,
                "eighteen",
                "fifteen",
                12,
                13,
                14,
                15,
                10,
                17,
                "eleven",
                18,
                20,
                21,
                16,
                "six",
                23,
                "two",
                26,
                19,
                28,
                29,
                25,
                24,
                27,
                30,
                "thirteen",
                "twenty seven",
                "eight",
                "thirty",
                "twelve",
                11,
                "twenty three",
                "three",
                "sixteen",
                "twenty four",
                "one",
                "seventeen",
                "five",
                "twenty eight",
                "ten",
                "twenty nine",
                "twenty five",
                "twenty two",
                "fourteen",
                "nineteen",
                "twenty one",
                22,
                "four",
                "twenty",
                "seven"
            ],
            "price_level": [
                "don't care",
                "cheap",
                "expensive",
                "moderate"
            ]
        },
        "intents": [
            "restaurants_en_US_booking",
            "chat",
            "restaurants_en_US_search"
        ]
    },
    "attractions": {
        "slots": {
            "rating": [
                "nine",
                1,
                2,
                3,
                4,
                5,
                6,
                7,
                8,
                9,
                10,
                "two",
                "six",
                "don't care",
                "eight",
                "three",
                "one",
                "five",
                "ten",
                "four",
                "seven"
            ],
            "location": [
                "Yuen Long",
                "Bays Area",
                "Ping Shan",
                "Kennedy Town and Mount Davis",
                "Tuen Mun",
                "don't care",
                "Tai Koo Shing East",
                "Wong Tai Sin District",
                "Happy Valley",
                "Tai Po",
                "Kwai Fong",
                "Eastern District",
                "Kwai Tsing",
                "Sai Kung",
                "Lai Chi Kok",
                "Sham Shui Po District",
                "Victoria Park",
                "Hung Hom Bay",
                "TKO",
                "Tsim Sha Tsui",
                "Ap Lei Chau Estate",
                "Sai Ying Pun",
                "Pok Fu Lam",
                "Tai Po Hui",
                "Tsing Yi",
                "Tseung Kwan O",
                "City Garden",
                "Shek Tong Tsui",
                "Tsuen Wan",
                "Lei King Wan",
                "North Point",
                "A Kung Ngam",
                "New Territories",
                "Cheung Chau",
                "Jordan and Yau Ma Tei",
                "Western (Sai Wan)",
                "Austin",
                "Tsuen Wan West",
                "Kwun Tong District",
                "Kowloon Tong",
                "Jordan / Yau Ma Tei",
                "Whampoa",
                "Tai Koo Shing West",
                "Mid Levels",
                "Water Street",
                "Discovery Bay",
                "Kowloon Bay",
                "Stanley",
                "Hennessy Road",
                "Sha Tin",
                "Wan Chai / Causeway Bay",
                "Fortress Hill",
                "Southorn Playground",
                "Western District",
                "Kowloon",
                "Yau Tsim Mong District",
                "Ma On Shan",
                "TST",
                "Southern District",
                "Sheung Wan",
                "Canal Road",
                "Hong Kong Island",
                "Mong Kok",
                "Lei Cheng Uk",
                "Olympic",
                "South Horizons",
                "Central District",
                "University",
                "Wong Chuk Hang",
                "North District",
                "Lantau Island",
                "Aberdeen",
                "Kennedy Town & Mount Davis",
                "Kowloon City District",
                "Central",
                "Tai Fat Hau",
                "Tung Chung",
                "Kwun Tong",
                "Wan Chai and Causeway Bay",
                "Peak",
                "Nam Cheong",
                "Lamma Island",
                "Islands District"
            ],
            "type": [
                "Fun and Games",
                "Museums",
                "Outdoor Activities",
                "don't care",
                "Water & Amusement Parks",
                "Zoos and Aquariums",
                "Food & Drink",
                "Shopping",
                "Events",
                "Concerts & Shows",
                "Water and Amusement Parks",
                "Nature and Parks",
                "Sights & Landmarks",
                "Casinos and Gambling",
                "Food and Drink",
                "Transportation",
                "Zoos & Aquariums",
                "Sights and Landmarks",
                "Concerts and Shows",
                "Tours",
                "Traveler Resources",
                "Nature & Parks",
                "Casinos & Gambling",
                "Other",
                "Fun & Games"
            ],
            "name": [
                "Peak Tram Fast-Track Guided Tour",
                "Victoria Peak (The Peak)",
                "Stanley Market",
                "Peak Tram",
                "Ap Lei Chau Bridge",
                "Pottery Workshop Gallery Hong Kong",
                "Sandbox VR",
                "Man Mo Temple",
                "Hong Kong Museum of Coastal Defence",
                "AP Contemporary",
                "Miu Fat Buddhist Monastery",
                "Western Monastery",
                "Aberdeen Country Park",
                "Hong Kong Museum of History",
                "Chi Lin Nunnery",
                "Hong Kong Heritage Museum",
                "International Commerce Centre",
                "Hong Kong Tourism Board, Hong Kong Island  Visitor Centre",
                "Sun Museum",
                "Tsing Ma Bridge",
                "First Ferry",
                "Po Lin (Precious Lotus) Monastery",
                "Hong Kong Park",
                "DON DON DONKI Pearl City",
                "Kadoorie Farm and Botanical Gardens",
                "The Popsy Room",
                "Lions Nature Education Centre",
                "Parkview Art Hong Kong",
                "Hong Kong Sevens",
                "Bamboo Scenes",
                "Langham Place",
                "Hong Kong New Year Countdown",
                "Ocean Park",
                "Haipohong Road  Temporary Market",
                "Ngong Ping 360",
                "Lamma Island",
                "Hong Kong Flower Show"
            ]
        },
        "intents": [
            "chat",
            "attractions_en_US_search"
        ]
    },
    "HKMTR": {
        "slots": {
            "destination": [
                "Causeway Bay",
                "Tuen Men South",
                "Yuen Long",
                "Bays Area",
                "AsiaWorld-Expo",
                "Kennedy Town and Mount Davis",
                "Airport",
                "Wan Chai",
                "Tuen Mun",
                "Tuen Men",
                "Heng On",
                "Wong Tai Sin District",
                "Kennedy Town",
                "Tung Chung East",
                "Happy Valley",
                "Wah Fu",
                "Tai Po",
                "Kwai Fong",
                "Shek Kip Mei",
                "Eastern District",
                "Kwai Tsing",
                "Lai Chi Kok",
                "Sai Kung",
                "Sham Shui Po",
                "Sham Shui Po District",
                "Victoria Park",
                "TKO",
                "Wu Kai Sha",
                "Tin Wan",
                "Lam Tin",
                "Tsim Sha Tsui",
                "Sai Wan Ho",
                "Lai King",
                "Quarry Bay",
                "Sai Ying Pun",
                "Hang Hau",
                "Queen Mary Hospital",
                "Pok Fu Lam",
                "Sha Tin Wai",
                "Tai Po Hui",
                "Hung Shui Kiu",
                "Tsing Yi",
                "Tseung Kwan O",
                "HKU",
                "City Garden",
                "Kwu Tung",
                "Lok Ma Chau",
                "Shek Tong Tsui",
                "Tsuen Wan",
                "To Kwa Wan",
                "Lei King Wan",
                "North Point",
                "Shau Kei Wan",
                "Sheung Shui",
                "New Territories",
                "LOHAS Park",
                "Lei Tung",
                "Cheung Chau",
                "Jordan and Yau Ma Tei",
                "Admirality",
                "Ngong Ping",
                "Western (Sai Wan)",
                "Austin",
                "Tsuen Wan West",
                "Kwun Tong District",
                "Kowloon Tong",
                "Jordan / Yau Ma Tei",
                "Tai Shui Hang",
                "Whampoa",
                "Tai Koo Shing West",
                "Mid Levels",
                "Lok Fu",
                "Tai Wo",
                "Water Street",
                "Siu Hong",
                "Discovery Bay",
                "Kowloon Bay",
                "Stanley",
                "Hennessy Road",
                "Sha Tin",
                "Wan Chai / Causeway Bay",
                "Shek Mun",
                "Sau Mau Ping",
                "Kwai Hing",
                "Tin Shui Wai",
                "Southorn Playground",
                "Western District",
                "Yau Tong",
                "Kowloon",
                "Yau Tsim Mong District",
                "Ma On Shan",
                "TST",
                "Southern District",
                "Long Ping",
                "Sheung Wan",
                "Diamond Hill",
                "Canal Road",
                "Hong Kong Island",
                "Hong Kong",
                "Mong Kok",
                "Cyberport",
                "Tai Wo Hau",
                "Tai Po Market",
                "Sunny Bay",
                "Olympic",
                "Jordon",
                "South Horizons",
                "Central District",
                "University",
                "Wong Chuk Hang",
                "Tamar",
                "Lantau Island",
                "Choi Hung",
                "Tin Hau",
                "Aberdeen",
                "Cheung Sha Wan",
                "Mong Kok East",
                "Tung Chung West",
                "Kennedy Town & Mount Davis",
                "Kowloon City District",
                "Heng Fa Chuen",
                "Shun Tin",
                "Lo Wu",
                "Central",
                "East Tsim Sha Tsui",
                "Tai Fat Hau",
                "Choi Wan",
                "Tung Chung",
                "Kwun Tong",
                "Yau Ma Tei",
                "Wan Chai and Causeway Bay",
                "Disneyland Resort",
                "City One",
                "Peak",
                "Nam Cheong",
                "Ho Man Tin",
                "Lamma Island",
                "Islands District"
            ],
            "departure": [
                "Causeway Bay",
                "Kai Tak",
                "Tuen Men South",
                "Yuen Long",
                "Bays Area",
                "AsiaWorld-Expo",
                "Airport",
                "Kennedy Town and Mount Davis",
                "Wan Chai",
                "Tuen Mun",
                "Tuen Men",
                "Tiu Keng Leng",
                "Heng On",
                "Wong Tai Sin District",
                "Kennedy Town",
                "Tung Chung East",
                "Happy Valley",
                "Wah Fu",
                "Tai Po",
                "Wong Tai Sin",
                "Kwai Fong",
                "Shek Kip Mei",
                "Eastern District",
                "Tai Wai",
                "Kwai Tsing",
                "Sai Kung",
                "Lai Chi Kok",
                "Sham Shui Po",
                "Sham Shui Po District",
                "Victoria Park",
                "Po Lam",
                "Wu Kai Sha",
                "TKO",
                "Tin Wan",
                "Exhibition",
                "Lam Tin",
                "Tsim Sha Tsui",
                "Sai Wan Ho",
                "Lai King",
                "Quarry Bay",
                "Sai Ying Pun",
                "Hang Hau",
                "Queen Mary Hospital",
                "Pok Fu Lam",
                "Sha Tin Wai",
                "Tai Po Hui",
                "Hung Shui Kiu",
                "Tsing Yi",
                "Tseung Kwan O",
                "HKU",
                "City Garden",
                "Kwu Tung",
                "Lok Ma Chau",
                "Shek Tong Tsui",
                "Tsuen Wan",
                "To Kwa Wan",
                "Racecourse",
                "North Point",
                "Lei King Wan",
                "Shau Kei Wan",
                "Sheung Shui",
                "New Territories",
                "LOHAS Park",
                "Lei Tung",
                "Stubbs Road",
                "Belcher",
                "Admirality",
                "Jordan and Yau Ma Tei",
                "Ngong Ping",
                "Western (Sai Wan)",
                "Austin",
                "Hung Hom",
                "Tsuen Wan West",
                "Kwun Tong District",
                "Kowloon Tong",
                "Jordan / Yau Ma Tei",
                "Tai Shui Hang",
                "Whampoa",
                "Fo Tan",
                "Tai Koo Shing West",
                "Mid Levels",
                "Lok Fu",
                "Tai Wo",
                "Po Tat",
                "Water Street",
                "Siu Hong",
                "Kowloon Bay",
                "Discovery Bay",
                "Prince Edward",
                "Stanley",
                "Hennessy Road",
                "Sha Tin",
                "Ngau Tau Kok",
                "Wan Chai / Causeway Bay",
                "Shek Mun",
                "Fortress Hill",
                "Sau Mau Ping",
                "Kwai Hing",
                "Healthy Village",
                "Tin Shui Wai",
                "Chai Wan",
                "Southorn Playground",
                "Western District",
                "Yau Tong",
                "Kowloon",
                "Yau Tsim Mong District",
                "Ma On Shan",
                "TST",
                "Long Ping",
                "Southern District",
                "Sheung Wan",
                "Diamond Hill",
                "Canal Road",
                "Kam Sheung Road",
                "Hong Kong Island",
                "Hong Kong",
                "Ocean Park",
                "Mong Kok",
                "Ma Tau Wai",
                "Cyberport",
                "Tai Wo Hau",
                "Tai Po Market",
                "Sunny Bay",
                "Olympic",
                "Jordon",
                "South Horizons",
                "Central District",
                "University",
                "Wong Chuk Hang",
                "Tamar",
                "Lantau Island",
                "Choi Hung",
                "Tin Hau",
                "Aberdeen",
                "Cheung Sha Wan",
                "Mong Kok East",
                "Tung Chung West",
                "Kennedy Town & Mount Davis",
                "Kowloon City District",
                "Heng Fa Chuen",
                "Shun Tin",
                "Lo Wu",
                "Central",
                "East Tsim Sha Tsui",
                "Tai Fat Hau",
                "Choi Wan",
                "Tung Chung",
                "Kwun Tong",
                "Yau Ma Tei",
                "Wan Chai and Causeway Bay",
                "Che Kung Temple",
                "Fanling",
                "Disneyland Resort",
                "City One",
                "Mei Foo",
                "Nam Cheong",
                "Ho Man Tin",
                "Peak",
                "Lamma Island",
                "Islands District"
            ]
        },
        "intents": [
            "chat",
            "HKMTR_en"
        ]
    },
    "weathers": {
        "slots": {
            "city": [
                "Madrid",
                "Tokyo",
                "Los Angeles",
                "Seoul",
                "Beijing",
                "Denpasar",
                "New York",
                "Moscow",
                "Waterloo",
                "Melbourne",
                "Dubai",
                "Singapore",
                "Barcelona",
                "Florence",
                "San Francisco",
                "Abu Dhabi",
                "Hong Kong",
                "Chicago",
                "Osaka"
            ],
            "day": [
                "tuesday",
                "tomorrow",
                "friday",
                "monday",
                "sunday",
                "thursday",
                "saturday",
                "today",
                "wednesday"
            ]
        },
        "intents": [
            "chat",
            "weathers_en_US_search"
        ]
    },
    "hotels": {
        "slots": {
            "location": [
                "Yuen Long",
                "Bays Area",
                "Ping Shan",
                "Kennedy Town and Mount Davis",
                "Tuen Mun",
                "don't care",
                "Wong Tai Sin District",
                "Happy Valley",
                "Tai Po",
                "Kwai Fong",
                "Eastern District",
                "Kwai Tsing",
                "Sai Kung",
                "Tai Hang",
                "Sham Shui Po District",
                "Victoria Park",
                "San Po Kong",
                "TKO",
                "Tin Wan",
                "Tsim Sha Tsui",
                "Sai Ying Pun",
                "Pok Fu Lam",
                "Sha Tin Wai",
                "Tsing Yi",
                "Tseung Kwan O",
                "Tai Kok Tsui",
                "City Garden",
                "Tsuen Wan",
                "To Kwa Wan",
                "North Point",
                "New Territories",
                "Stubbs Road",
                "Cheung Chau",
                "Belcher",
                "Jordan and Yau Ma Tei",
                "Western (Sai Wan)",
                "Austin",
                "Hung Hom",
                "Tsuen Wan West",
                "Kwun Tong District",
                "Kowloon Tong",
                "Jordan / Yau Ma Tei",
                "Whampoa",
                "Tai Koo Shing West",
                "Mid Levels",
                "Water Street",
                "Discovery Bay",
                "Kowloon Bay",
                "Luohu Port",
                "Hennessy Road",
                "Sha Tin",
                "Wan Chai / Causeway Bay",
                "Fortress Hill",
                "Healthy Village",
                "Tin Shui Wai",
                "Southorn Playground",
                "Western District",
                "Kowloon",
                "Yau Tsim Mong District",
                "TST",
                "Southern District",
                "Sheung Wan",
                "Canal Road",
                "Hong Kong Island",
                "Mong Kok",
                "Olympic",
                "South Horizons",
                "Central District",
                "Wong Chuk Hang",
                "Lantau Island",
                "North District",
                "Tin Hau",
                "Kennedy Town & Mount Davis",
                "Kowloon City District",
                "Dongmen",
                "Central",
                "Tai Fat Hau",
                "Tung Chung",
                "Kwun Tong",
                "Wan Chai and Causeway Bay",
                "Nam Cheong",
                "Peak",
                "Lamma Island",
                "Islands District"
            ],
            "price_level": [
                "don't care",
                "moderate",
                "expensive",
                "cheap"
            ],
            "rating": [
                "nine",
                1,
                2,
                3,
                4,
                5,
                6,
                7,
                8,
                9,
                10,
                "two",
                "six",
                "don't care",
                "eight",
                "three",
                "one",
                "five",
                "ten",
                "four",
                "seven"
            ],
            "name": [
                "Fortune Inn Hong Kong",
                "V Causeway Bay Serviced Apartments",
                "Bluejay Residences",
                "Soravit on Granville",
                "Metropark Hotel Kowloon",
                "Dayan Petit Resort",
                "InterContinental Grand Stanford",
                "Espace Elastique B&B",
                "Haifengyuan Hotel",
                "Hotel Sav Hong Kong",
                "One-Eight-One Hotel & Serviced Residences",
                "Tai Wah Hostel",
                "The Sheung Wan by Ovolo",
                "The St. Regis Hong Kong",
                "MY Hotel Causeway Bay",
                "The Empire Hotel Hong Kong - Causeway Bay",
                "Pentahotel Hong Kong, Tuen Mun",
                "Silvermine Beach Resort",
                "Concerto Inn",
                "Travelodge Kowloon",
                "Kew Green Hotel Wanchai Hong Kong",
                "Bay Bridge Lifestyle Retreat",
                "Timehouse",
                "Mingle Place At The Eden",
                "L'hotel Causeway Bay Harbour View",
                "Pengda Guesthouse",
                "Yin Serviced Apartments",
                "Yue Ka Hotel China HK Far East Consortium Mongkok Building",
                "Budget Hostel - Yee Wo Street, Causeway Bay",
                "Dorsett Kwun Tong, Hong Kong",
                "TUVE",
                "Ascension House",
                "Prince Hotel",
                "Tianjin Hotel",
                "Warwick Hotel Cheung Chau",
                "Oriental Lander Hotel",
                "Sea View Holiday House",
                "Sleeep",
                "City Garden Hotel",
                "Gloucester Hotel",
                "Disneyland Hotel",
                "CAA Holy Sun Hotel",
                "Royal View Hotel",
                "Harbour Grand Hong Kong",
                "L'hotel Island South",
                "Newton Hotel Hong Kong",
                "Apple Inn @ Mong Kok",
                "Courtyard Hong Kong",
                "Xite Express Hotel",
                "Go Inn Hong Kong",
                "Kapok Apartment",
                "7 Days Inn Shenzhen Futian Port Subway Station",
                "Two MacDonnell Road",
                "Hong Kong SkyCity Marriott Hotel",
                "L'etoile de Mer Tsim Sha Tsui - Capsule Hotel",
                "Hang Ho Hostel",
                "Horizon Suite Hotel",
                "Popway Hotel",
                "Golden Crown Guesthouse",
                "Huihua Hotel",
                "Gorgeous Fad Hotel",
                "Harbour Grand Kowloon",
                "JW Marriott Hotel Hong Kong",
                "Causeway Bay Inn",
                "The Olympian Hong Kong",
                "Espace Elastique BandB",
                "Germany Hostel",
                "Jin Xiang Hotel Jiulong",
                "Season Hotel",
                "H.K. Star Guest House",
                "Butterfly on Prat",
                "Royal Park Hotel",
                "Marria Guest House",
                "CHI Residences 314",
                "Hongkong MK Hotel",
                "The Cove Hostel - Tong Fuk Dolphin",
                "Lodgewood by L'Hotel Mongkok Hong Kong",
                "Mia Casa Hotel",
                "Grand Hyatt Hong Kong",
                "L'hotel elan",
                "Twenty One Whitfield",
                "Ashoka Hostel",
                "The Luxe Manor",
                "Mirador Guest House",
                "M1 Hotel",
                "Crowne Plaza Hong Kong Kowloon East",
                "Hotel ICON",
                "Homy Inn North Point",
                "South Pacific Hotel",
                "Wontonmeen Hostel",
                "Harbour Plaza North Point",
                "Lucky Hostel",
                "The Upper House",
                "Cosmo Hotel Hong Kong",
                "Golden Lustre Hotel",
                "Loi Loi Guest House",
                "Alohas Hostel",
                "Maharaja Guesthouse",
                "Cheung Chau B and B",
                "Dorsett Wanchai",
                "Hotel COZi.Oasis",
                "iclub Ma Tau Wai Hotel",
                "Mojo Nomad Aberdeen Harbour",
                "Eaton Residences, Village Road",
                "Minimal Hotel \u2027 Avenue",
                "Cheung Chau B & B",
                "Causeway Corner",
                "the Figo",
                "Hotel Pravo Hong Kong",
                "J2 Guest House",
                "Hang Fung Hostel",
                "iclub Mong Kok Hotel",
                "L'hotel Nina et Convention Centre",
                "Sohotel",
                "The Bauhinia Hotel - Central",
                "Jockey Club Mt. Davis Youth Hostel",
                "Hotel Cozi Wetland",
                "Huizhange Hotel",
                "Om Guest House",
                "Metroplace Olympic Hotel",
                "K11 ARTUS",
                "Ring Wood Guest House",
                "Atlas Hostel & Backpackers",
                "Shanghai Red Hotel",
                "Cebu Hotel",
                "Jin Xiang Hotel",
                "Icon Inn",
                "Hotel Indigo Hong Kong Island",
                "InterContinental Hong Kong",
                "Jolly Guesthouse",
                "The Mercury",
                "Panda's Hostel",
                "Pandora After 80s",
                "Hong Kong Ocean Park Marriott Hotel",
                "Le Petit Rosedale Hotel Hong Kong",
                "Pop Inn",
                "Homy Residence",
                "Manhattan Guesthouse",
                "The Shai Red Hotel",
                "The Mahjong",
                "Cordis, Hong Kong",
                "Hong Kong Budget Hostel",
                "Zhonghua Tongxianghui Hotel",
                "The Harbourview Hong Kong",
                "eLog Inn-Fest",
                "Hotel Skylark",
                "Apple Hostel",
                "Mingdu Hotel",
                "Holiday Inn Express HONG KONG KOWLOON EAST",
                "Rambler Garden Hotel",
                "The Nap Mong Kok",
                "Hyatt Regency Hong Kong, Sha Tin",
                "Hung Kiu Guesthouse",
                "Hong Kong Gold Coast Hotel",
                "Kam Wai Hotel",
                "Waterfront Suites",
                "YHA Bradbury Hall Chek Keng Youth Hostel",
                "Panda Hotel",
                "Atlas Hostel and Backpackers",
                "Heritage Lodge",
                "Mongkok Railei Hotel",
                "iclub Fortress Hill Hotel",
                "I Top Guesthouse",
                "Tai O Heritage Hotel",
                "Burlington Hotel",
                "Haohua Hotel",
                "Metropark Hotel Mongkok",
                "Noah's Ark Hotel and Resort",
                "Lan Kwai Fong Hotel @ Kau U Fong",
                "Island Pacific Hotel",
                "ind Hotel",
                "Guangdong Guest House",
                "Camlux Hotel",
                "attitude on granville",
                "Yesinn Studio @ Fortress Hill",
                "The Empire Hotel Wan Chai",
                "Dorsett Mongkok Hong Kong",
                "Hyatt Centric Victoria Harbour Hong Kong",
                "Royal Plaza Hotel",
                "Bishop Lei International House",
                "Silka Tsuen Wan, Hong Kong",
                "Hong Kong Star Hostel",
                "Harbour Plaza Resort City Hong Kong",
                "Heyi Hotel",
                "Yilong Hotel",
                "Artland Guest House",
                "JEN Hong Kong by Shangri-La",
                "Hotel Ease \u2022 Tsuen Wan",
                "Shama Fortress Hill Hong Kong",
                "IW Hotel",
                "ColorZ Hostel",
                "First Class Guest House",
                "Bridal Tea House Hotel",
                "Eaton HK",
                "Tai Wah Boutique Hostel",
                "Hotel Madera Hollywood",
                "Budget Hostel",
                "Kowloon Shangri-La Hong Kong",
                "Metropark Hotel Causeway Bay Hong Kong",
                "Le Prabelle Hotel",
                "The Pottinger Hong Kong",
                "The Landmark Mandarin Oriental, Hong Kong",
                "EAST Hong Kong",
                "Kactus Hotel",
                "Metro Winner Hotel",
                "Hotel Ease Access . Wan Chai",
                "Strawberry Guest House",
                "Bradbury Jockey Club Youth Hostel",
                "City Econo Guesthouse",
                "O' Hotel",
                "Four Seasons Hotel Hong Kong",
                "The Imperial Hotel",
                "Regal Riverside Hotel",
                "Disney's Hollywood Hotel",
                "The Ten Hotel",
                "Home Plus Inn",
                "Caritas Bianchi Lodge",
                "The Fleming, Hong Kong",
                "The T Hotel",
                "Oriental Pearl Hostel Hong Kong",
                "Solar Villas",
                "Ovolo Central",
                "Stanford Hotel Hong Kong",
                "The Ritz-Carlton, Hong Kong",
                "Joy Guesthouse",
                "Le Meridien Cyberport",
                "Wellyet Guest House",
                "Novotel Citygate Hong Kong"
            ],
            "number_of_rooms": [
                "nine",
                1,
                2,
                3,
                4,
                5,
                6,
                7,
                8,
                9,
                10,
                "two",
                12,
                13,
                14,
                15,
                11,
                17,
                18,
                16,
                20,
                21,
                22,
                "six",
                24,
                25,
                26,
                27,
                23,
                29,
                28,
                30,
                "eight",
                "three",
                "one",
                "five",
                "ten",
                19,
                "four",
                "seven"
            ],
            "user_name": [
                "Jason",
                "Frances",
                "Marie",
                "Christine",
                "Sandra",
                "Rose",
                "Willie",
                "Emily",
                "Victoria",
                "Rebecca",
                "Philip",
                "Lisa",
                "Frank",
                "Melissa",
                "Virginia",
                "Teresa",
                "Amanda",
                "Margaret",
                "Douglas",
                "Linda",
                "Dylan",
                "Dorothy",
                "Jesse",
                "Amber",
                "Andrea",
                "George",
                "Christian",
                "Cheryl",
                "Scott",
                "Debra",
                "Shirley",
                "Sharon",
                "Alexis",
                "Nathan",
                "Alice",
                "Isabella",
                "Peter",
                "Susan",
                "Samantha",
                "Carl",
                "James",
                "William",
                "Helen",
                "Gregory",
                "Hannah",
                "Elizabeth",
                "Pamela",
                "Johnny",
                "Sara",
                "Patricia",
                "Timothy",
                "Angela",
                "Ann",
                "Jeffrey",
                "Emma",
                "Daniel",
                "Paul",
                "Stephen",
                "Jose",
                "Vincent",
                "Christina",
                "Keith",
                "Walter",
                "Benjamin",
                "Joan",
                "Stephanie",
                "Anthony",
                "Julie",
                "Kathryn",
                "Gabriel",
                "Carol",
                "Charlotte",
                "Joseph",
                "Rachel",
                "Terry",
                "Ryan",
                "Alexander",
                "Dennis",
                "Kimberly",
                "Cynthia",
                "Mary",
                "Diane",
                "Jennifer",
                "Beverly",
                "Maria",
                "Bruce",
                "Laura",
                "Joe",
                "Edward",
                "Megan",
                "Austin",
                "Donna",
                "Janet",
                "John",
                "Christopher",
                "Marilyn",
                "Arthur",
                "Brenda",
                "Gerald",
                "Eric",
                "Karen",
                "Katherine",
                "Kathleen",
                "Janice",
                "Nicholas",
                "Billy",
                "Richard",
                "Jonathan",
                "Patrick",
                "Noah",
                "Albert",
                "Barbara",
                "Bobby",
                "Jacob",
                "Louis",
                "Jessica",
                "Joyce",
                "Doris",
                "Grace",
                "Joshua",
                "Sean",
                "Ronald",
                "Ashley",
                "Kelly",
                "Judith",
                "Larry",
                "Denise",
                "Alan",
                "Danielle",
                "Ruth",
                "Lawrence",
                "Carolyn",
                "Charles",
                "Raymond",
                "Jack",
                "Henry",
                "Logan",
                "Mark",
                "Gary",
                "Natalie",
                "Steven",
                "Sophia",
                "Jean",
                "Catherine",
                "Kevin",
                "Gloria",
                "Adam",
                "Kenneth",
                "Roy",
                "Harold",
                "Aaron",
                "Abigail",
                "Samuel",
                "Martha",
                "Tyler",
                "Olivia",
                "Michael",
                "Jacqueline",
                "Bryan",
                "Russell",
                "Diana",
                "Deborah",
                "Donald",
                "Jordan",
                "Robert",
                "Lauren",
                "Kyle",
                "Matthew",
                "Bradley",
                "David",
                "Wayne",
                "Brandon",
                "Theresa",
                "Brian",
                "Andrew",
                "Michelle",
                "Brittany",
                "Thomas",
                "Jerry",
                "Madison",
                "Judy",
                "Juan",
                "Roger",
                "Ethan",
                "Justin",
                "Betty",
                "Randy",
                "Nancy",
                "Nicole",
                "Amy",
                "Kayla",
                "Eugene",
                "Anna",
                "Zachary",
                "Jeremy",
                "Evelyn",
                "Heather",
                "Ralph",
                "Julia",
                "Sarah"
            ],
            "start_day": [
                1,
                2,
                3,
                4,
                5,
                6,
                7,
                8,
                9,
                10,
                11,
                12,
                13,
                14,
                15,
                16,
                17,
                18,
                19,
                20,
                21,
                22,
                23,
                24,
                25,
                26,
                27,
                28
            ],
            "start_month": [
                1,
                2,
                3,
                4,
                5,
                6,
                7,
                8,
                9,
                10,
                11,
                12
            ],
            "number_of_nights": [
                "nine",
                1,
                2,
                3,
                4,
                5,
                6,
                7,
                8,
                9,
                10,
                11,
                12,
                "two",
                "eleven",
                "six",
                "eight",
                "twelve",
                "three",
                "one",
                "five",
                "ten",
                "four",
                "seven"
            ],
            "stars": [
                1,
                2,
                3,
                4,
                5,
                "three",
                "two",
                "one",
                "five",
                "four",
                "don't care"
            ]
        },
        "intents": [
            "hotels_en_US_search",
            "chat",
            "hotels_en_US_booking"
        ]
    }
}