[
    {
        "conversation_id": "dlg-00055f4e-4a46-48bf-8d99-4e477663eb23",
        "instruction_id": "restaurant-table-2",
        "utterances": [
            {
                "index": 0,
                "speaker": "USER",
                "text": "Hi, I'm looking to book a table for Korean fod."
            },
            {
                "index": 1,
                "speaker": "ASSISTANT",
                "text": "Ok, what area are you thinking about?"
            },
            {
                "index": 2,
                "speaker": "USER",
                "text": "Somewhere in Southern NYC, maybe the East Village?",
                "segments": [
                    {
                        "start_index": 13,
                        "end_index": 49,
                        "text": "Southern NYC, maybe the East Village",
                        "annotations": [
                            {
                                "name": "restaurant_reservation.location.restaurant.accept"
                            }
                        ]
                    },
                    {
                        "start_index": 13,
                        "end_index": 25,
                        "text": "Southern NYC",
                        "annotations": [
                            {
                                "name": "restaurant_reservation.location.restaurant.accept"
                            }
                        ]
                    }
                ]
            },
            {
                "index": 3,
                "speaker": "ASSISTANT",
                "text": "Ok, great.  There's Thursday Kitchen, it has great reviews.",
                "segments": [
                    {
                        "start_index": 20,
                        "end_index": 35,
                        "text": "Thursday Kitche",
                        "annotations": [
                            {
                                "name": "restaurant_reservation.name.restaurant.reject"
                            }
                        ]
                    }
                ]
            },
            {
                "index": 4,
                "speaker": "USER",
                "text": "That's great. So I need a table for tonight at 7 pm for 8 people. We don't want to sit at the bar, but anywhere else is fine.",
                "segments": [
                    {
                        "start_index": 26,
                        "end_index": 31,
                        "text": "table",
                        "annotations": [
                            {
                                "name": "restaurant_reservation.type.seating"
                            }
                        ]
                    },
                    {
                        "start_index": 47,
                        "end_index": 51,
                        "text": "7 pm",
                        "annotations": [
                            {
                                "name": "restaurant_reservation.time.reservation"
                            },
                            {
                                "name": "restaurant_reservation.time.reservation"
                            }
                        ]
                    },
                    {
                        "start_index": 56,
                        "end_index": 57,
                        "text": "8",
                        "annotations": [
                            {
                                "name": "restaurant_reservation.num.guests"
                            },
                            {
                                "name": "restaurant_reservation.num.guests"
                            }
                        ]
                    },
                    {
                        "start_index": 87,
                        "end_index": 98,
                        "text": "at the bar,",
                        "annotations": [
                            {
                                "name": "restaurant_reservation.type.seating"
                            }
                        ]
                    }
                ]
            },
            {
                "index": 5,
                "speaker": "ASSISTANT",
                "text": "They don't have any availability for 7 pm.",
                "segments": [
                    {
                        "start_index": 37,
                        "end_index": 41,
                        "text": "7 pm",
                        "annotations": [
                            {
                                "name": "restaurant_reservation.time.reservation"
                            }
                        ]
                    },
                    {
                        "start_index": 37,
                        "end_index": 42,
                        "text": "7 pm.",
                        "annotations": [
                            {
                                "name": "restaurant_reservation.time.reservation.reject"
                            }
                        ]
                    }
                ]
            },
            {
                "index": 6,
                "speaker": "USER",
                "text": "What times are available?"
            },
            {
                "index": 7,
                "speaker": "ASSISTANT",
                "text": "5 or 8.",
                "segments": [
                    {
                        "start_index": 0,
                        "end_index": 1,
                        "text": "5",
                        "annotations": [
                            {
                                "name": "restaurant_reservation.time.reservation"
                            },
                            {
                                "name": "restaurant_reservation.time.reservation"
                            }
                        ]
                    },
                    {
                        "start_index": 5,
                        "end_index": 6,
                        "text": "8",
                        "annotations": [
                            {
                                "name": "restaurant_reservation.time.reservation"
                            },
                            {
                                "name": "restaurant_reservation.time.reservation"
                            }
                        ]
                    }
                ]
            },
            {
                "index": 8,
                "speaker": "USER",
                "text": "Yikes, we can't do those times."
            },
            {
                "index": 9,
                "speaker": "ASSISTANT",
                "text": "Ok, do you have a second choice?"
            },
            {
                "index": 10,
                "speaker": "USER",
                "text": "Let me check."
            },
            {
                "index": 11,
                "speaker": "ASSISTANT",
                "text": "Ok."
            },
            {
                "index": 12,
                "speaker": "USER",
                "text": "Lets try Boka, are they free for 8 people at 7?",
                "segments": [
                    {
                        "start_index": 9,
                        "end_index": 13,
                        "text": "Boka",
                        "annotations": [
                            {
                                "name": "restaurant_reservation.name.restaurant.accept"
                            },
                            {
                                "name": "restaurant_reservation.name.restaurant.accept"
                            }
                        ]
                    },
                    {
                        "start_index": 33,
                        "end_index": 34,
                        "text": "8",
                        "annotations": [
                            {
                                "name": "restaurant_reservation.num.guests.accept"
                            },
                            {
                                "name": "restaurant_reservation.num.guests.accept"
                            }
                        ]
                    },
                    {
                        "start_index": 45,
                        "end_index": 46,
                        "text": "7",
                        "annotations": [
                            {
                                "name": "restaurant_reservation.time.reservation.accept"
                            },
                            {
                                "name": "restaurant_reservation.time.reservation.accept"
                            }
                        ]
                    }
                ]
            },
            {
                "index": 13,
                "speaker": "ASSISTANT",
                "text": "Yes."
            },
            {
                "index": 14,
                "speaker": "USER",
                "text": "Great, let's book that."
            },
            {
                "index": 15,
                "speaker": "ASSISTANT",
                "text": "Ok great, are there any other requests?"
            },
            {
                "index": 16,
                "speaker": "USER",
                "text": "No, that's it, just book."
            },
            {
                "index": 17,
                "speaker": "ASSISTANT",
                "text": "Great, should I use your account you have open with them?"
            },
            {
                "index": 18,
                "speaker": "USER",
                "text": "Yes please."
            },
            {
                "index": 19,
                "speaker": "ASSISTANT",
                "text": "Great. You will get a confirmation to your phone soon."
            }
        ]
    },
    {
        "conversation_id": "dlg-0009352b-de51-474b-9f13-a2b0b2481546",
        "instruction_id": "movie-tickets-1",
        "utterances": [
            {
                "index": 0,
                "speaker": "USER",
                "text": "Hi I would like to see if the Movie What Men Want is playing here.",
                "segments": [
                    {
                        "start_index": 36,
                        "end_index": 49,
                        "text": "What Men Want",
                        "annotations": [
                            {
                                "name": "movie_ticket.name.movie"
                            },
                            {
                                "name": "movie_ticket.name.movie"
                            }
                        ]
                    }
                ]
            },
            {
                "index": 1,
                "speaker": "ASSISTANT",
                "text": "Yes it's showing here would you like to purchase a ticket?"
            },
            {
                "index": 2,
                "speaker": "USER",
                "text": "Yes, for me and a friend so two tickets please",
                "segments": [
                    {
                        "start_index": 28,
                        "end_index": 31,
                        "text": "two",
                        "annotations": [
                            {
                                "name": "movie_ticket.num.tickets"
                            }
                        ]
                    },
                    {
                        "start_index": 28,
                        "end_index": 39,
                        "text": "two tickets",
                        "annotations": [
                            {
                                "name": "movie_ticket.num.tickets"
                            }
                        ]
                    }
                ]
            },
            {
                "index": 3,
                "speaker": "ASSISTANT",
                "text": "Okay."
            },
            {
                "index": 4,
                "speaker": "USER",
                "text": "What time is that moving playing today?"
            },
            {
                "index": 5,
                "speaker": "ASSISTANT",
                "text": "That movie is showing at 4, 5, and 8pm.",
                "segments": [
                    {
                        "start_index": 25,
                        "end_index": 26,
                        "text": "4",
                        "annotations": [
                            {
                                "name": "movie_ticket.time.start"
                            },
                            {
                                "name": "movie_ticket.time.start"
                            }
                        ]
                    },
                    {
                        "start_index": 28,
                        "end_index": 29,
                        "text": "5",
                        "annotations": [
                            {
                                "name": "movie_ticket.time.start"
                            },
                            {
                                "name": "movie_ticket.time.start"
                            }
                        ]
                    },
                    {
                        "start_index": 35,
                        "end_index": 38,
                        "text": "8pm",
                        "annotations": [
                            {
                                "name": "movie_ticket.time.start"
                            },
                            {
                                "name": "movie_ticket.time.start"
                            }
                        ]
                    }
                ]
            },
            {
                "index": 6,
                "speaker": "USER",
                "text": "Okay. Is there anymore movies showing around 8pm",
                "segments": [
                    {
                        "start_index": 45,
                        "end_index": 48,
                        "text": "8pm",
                        "annotations": [
                            {
                                "name": "movie_ticket.time.start"
                            }
                        ]
                    }
                ]
            },
            {
                "index": 7,
                "speaker": "ASSISTANT",
                "text": "Yes , showing at 8pm is Green Book.",
                "segments": [
                    {
                        "start_index": 17,
                        "end_index": 20,
                        "text": "8pm",
                        "annotations": [
                            {
                                "name": "movie_ticket.time.start"
                            },
                            {
                                "name": "movie_ticket.time.start"
                            }
                        ]
                    },
                    {
                        "start_index": 24,
                        "end_index": 34,
                        "text": "Green Book",
                        "annotations": [
                            {
                                "name": "movie_ticket.name.movie"
                            }
                        ]
                    },
                    {
                        "start_index": 24,
                        "end_index": 35,
                        "text": "Green Book.",
                        "annotations": [
                            {
                                "name": "movie_ticket.name.movie"
                            }
                        ]
                    }
                ]
            },
            {
                "index": 8,
                "speaker": "USER",
                "text": "What is that about?"
            },
            {
                "index": 9,
                "speaker": "ASSISTANT",
                "text": "It's about two men dealing with racisim."
            },
            {
                "index": 10,
                "speaker": "USER",
                "text": "Oh, no can you recommend anything else?"
            },
            {
                "index": 11,
                "speaker": "ASSISTANT",
                "text": "What do you like?"
            },
            {
                "index": 12,
                "speaker": "USER",
                "text": "Well I like movies that are funny."
            },
            {
                "index": 13,
                "speaker": "ASSISTANT",
                "text": "Like comedies?"
            },
            {
                "index": 14,
                "speaker": "USER",
                "text": "Well no I like action as well."
            },
            {
                "index": 15,
                "speaker": "ASSISTANT",
                "text": "Okay. How to train your dragon is playing at 8pm.",
                "segments": [
                    {
                        "start_index": 6,
                        "end_index": 30,
                        "text": "How to train your dragon",
                        "annotations": [
                            {
                                "name": "movie_ticket.name.movie"
                            },
                            {
                                "name": "movie_ticket.name.movie.accept"
                            }
                        ]
                    },
                    {
                        "start_index": 45,
                        "end_index": 48,
                        "text": "8pm",
                        "annotations": [
                            {
                                "name": "movie_ticket.time.start.accept"
                            },
                            {
                                "name": "movie_ticket.time.start"
                            }
                        ]
                    }
                ]
            },
            {
                "index": 16,
                "speaker": "USER",
                "text": "Okay can i get two tickets for that ?",
                "segments": [
                    {
                        "start_index": 15,
                        "end_index": 18,
                        "text": "two",
                        "annotations": [
                            {
                                "name": "movie_ticket.num.tickets"
                            }
                        ]
                    }
                ]
            },
            {
                "index": 17,
                "speaker": "ASSISTANT",
                "text": "So you want me to cancel the tickets for What men want ?",
                "segments": [
                    {
                        "start_index": 41,
                        "end_index": 54,
                        "text": "What men want",
                        "annotations": [
                            {
                                "name": "movie_ticket.name.movie.reject"
                            },
                            {
                                "name": "movie_ticket.name.movie.reject"
                            }
                        ]
                    }
                ]
            },
            {
                "index": 18,
                "speaker": "USER",
                "text": "Yes please."
            },
            {
                "index": 19,
                "speaker": "ASSISTANT",
                "text": "Okay, no problem."
            },
            {
                "index": 20,
                "speaker": "USER",
                "text": "How much will this cost."
            },
            {
                "index": 21,
                "speaker": "ASSISTANT",
                "text": "You said two adult tickets?",
                "segments": [
                    {
                        "start_index": 9,
                        "end_index": 12,
                        "text": "two",
                        "annotations": [
                            {
                                "name": "movie_ticket.num.tickets"
                            }
                        ]
                    },
                    {
                        "start_index": 9,
                        "end_index": 26,
                        "text": "two adult tickets",
                        "annotations": [
                            {
                                "name": "movie_ticket.time.start.accept"
                            }
                        ]
                    }
                ]
            },
            {
                "index": 22,
                "speaker": "USER",
                "text": "Yes."
            },
            {
                "index": 23,
                "speaker": "ASSISTANT",
                "text": "Okay, that will be $20.80",
                "segments": [
                    {
                        "start_index": 19,
                        "end_index": 25,
                        "text": "$20.80",
                        "annotations": [
                            {
                                "name": "movie_ticket.price.ticket.accept"
                            }
                        ]
                    }
                ]
            },
            {
                "index": 24,
                "speaker": "USER",
                "text": "Okay."
            },
            {
                "index": 25,
                "speaker": "ASSISTANT",
                "text": "Anything else I can help you with ?"
            },
            {
                "index": 26,
                "speaker": "USER",
                "text": "Yes can i bring my own food to theater."
            },
            {
                "index": 27,
                "speaker": "ASSISTANT",
                "text": "No, sorry you have to purchase food in the lobby."
            },
            {
                "index": 28,
                "speaker": "USER",
                "text": "Okay that is fine."
            },
            {
                "index": 29,
                "speaker": "ASSISTANT",
                "text": "Thank you enjoy your movie"
            }
        ]
    },
    {
        "conversation_id": "dlg-00123c7b-15a0-4f21-9002-a2509149ee2d",
        "instruction_id": "movie-tickets-3",
        "utterances": [
            {
                "index": 0,
                "speaker": "USER",
                "text": "I want to watch avengers endgame",
                "segments": [
                    {
                        "start_index": 16,
                        "end_index": 32,
                        "text": "avengers endgame",
                        "annotations": [
                            {
                                "name": "movie_ticket.name.movie"
                            },
                            {
                                "name": "movie_ticket.name.movie.reject"
                            }
                        ]
                    }
                ]
            },
            {
                "index": 1,
                "speaker": "ASSISTANT",
                "text": "where do you want to watch it at?"
            },
            {
                "index": 2,
                "speaker": "USER",
                "text": "at bangkok close the hotel I a currently staying",
                "segments": [
                    {
                        "start_index": 3,
                        "end_index": 10,
                        "text": "bangkok",
                        "annotations": [
                            {
                                "name": "movie_ticket.location.theater.accept"
                            },
                            {
                                "name": "movie_ticket.location.theater.reject"
                            }
                        ]
                    }
                ]
            },
            {
                "index": 3,
                "speaker": "ASSISTANT",
                "text": "sounds good, what time do you want to watch the movie?"
            },
            {
                "index": 4,
                "speaker": "USER",
                "text": "8 o'clock",
                "segments": [
                    {
                        "start_index": 0,
                        "end_index": 1,
                        "text": "8",
                        "annotations": [
                            {
                                "name": "movie_ticket.time.start.reject"
                            }
                        ]
                    },
                    {
                        "start_index": 0,
                        "end_index": 9,
                        "text": "8 o'clock",
                        "annotations": [
                            {
                                "name": "movie_ticket.time.start.reject"
                            }
                        ]
                    }
                ]
            },
            {
                "index": 5,
                "speaker": "ASSISTANT",
                "text": "how many tickets?"
            },
            {
                "index": 6,
                "speaker": "USER",
                "text": "two",
                "segments": [
                    {
                        "start_index": 0,
                        "end_index": 3,
                        "text": "two",
                        "annotations": [
                            {
                                "name": "movie_ticket.num.tickets.accept"
                            },
                            {
                                "name": "movie_ticket.num.tickets.reject"
                            }
                        ]
                    }
                ]
            },
            {
                "index": 7,
                "speaker": "ASSISTANT",
                "text": "and should we use the account we already have with the movie theater?"
            },
            {
                "index": 8,
                "speaker": "USER",
                "text": "yes"
            },
            {
                "index": 9,
                "speaker": "ASSISTANT",
                "text": "It seems they do not have any movie at that time"
            },
            {
                "index": 10,
                "speaker": "USER",
                "text": "let's watch another movie then"
            },
            {
                "index": 11,
                "speaker": "ASSISTANT",
                "text": "what other movie do you want to watch"
            },
            {
                "index": 12,
                "speaker": "USER",
                "text": "let's watch how to train your dragon",
                "segments": [
                    {
                        "start_index": 12,
                        "end_index": 36,
                        "text": "how to train your dragon",
                        "annotations": [
                            {
                                "name": "movie_ticket.name.movie"
                            },
                            {
                                "name": "movie_ticket.name.movie.reject"
                            }
                        ]
                    }
                ]
            },
            {
                "index": 13,
                "speaker": "ASSISTANT",
                "text": "the newest one"
            },
            {
                "index": 14,
                "speaker": "USER",
                "text": "yes, that one"
            },
            {
                "index": 15,
                "speaker": "ASSISTANT",
                "text": "I don't think that movie is playing at that time either"
            },
            {
                "index": 16,
                "speaker": "USER",
                "text": "so neither choices are playing at the time I want to watch"
            },
            {
                "index": 17,
                "speaker": "ASSISTANT",
                "text": "I am afraid so "
            },
            {
                "index": 18,
                "speaker": "USER",
                "text": "I am no longer interested in watching the movie"
            },
            {
                "index": 19,
                "speaker": "ASSISTANT",
                "text": "very well, have a great day sir"
            },
            {
                "index": 20,
                "speaker": "USER",
                "text": "thank you"
            },
            {
                "index": 21,
                "speaker": "ASSISTANT",
                "text": "you are welcome"
            }
        ]
    },
    {
        "conversation_id": "dlg-0013673c-31c6-4565-8fac-810e173a5c53",
        "instruction_id": "pizza-ordering-2",
        "utterances": [
            {
                "index": 0,
                "speaker": "USER",
                "text": "I want to order a pizza from Bertuccis in Chelmsford, MA",
                "segments": [
                    {
                        "start_index": 29,
                        "end_index": 38,
                        "text": "Bertuccis",
                        "annotations": [
                            {
                                "name": "pizza_ordering.name.store"
                            },
                            {
                                "name": "pizza_ordering.name.store"
                            }
                        ]
                    },
                    {
                        "start_index": 42,
                        "end_index": 56,
                        "text": "Chelmsford, MA",
                        "annotations": [
                            {
                                "name": "pizza_ordering.location.store"
                            },
                            {
                                "name": "pizza_ordering.location.store"
                            }
                        ]
                    }
                ]
            },
            {
                "index": 1,
                "speaker": "ASSISTANT",
                "text": "what type of pizza would you like? "
            },
            {
                "index": 2,
                "speaker": "USER",
                "text": "a silano",
                "segments": [
                    {
                        "start_index": 2,
                        "end_index": 8,
                        "text": "silano",
                        "annotations": [
                            {
                                "name": "pizza_ordering.name.pizza"
                            },
                            {
                                "name": "pizza_ordering.name.pizza"
                            }
                        ]
                    }
                ]
            },
            {
                "index": 3,
                "speaker": "ASSISTANT",
                "text": "what size "
            },
            {
                "index": 4,
                "speaker": "USER",
                "text": "a large please",
                "segments": [
                    {
                        "start_index": 2,
                        "end_index": 7,
                        "text": "large",
                        "annotations": [
                            {
                                "name": "pizza_ordering.size.pizza"
                            },
                            {
                                "name": "pizza_ordering.size.pizza"
                            }
                        ]
                    }
                ]
            },
            {
                "index": 5,
                "speaker": "ASSISTANT",
                "text": "understood. will do"
            },
            {
                "index": 6,
                "speaker": "USER",
                "text": "thanks"
            },
            {
                "index": 7,
                "speaker": "ASSISTANT",
                "text": "unfortunately bertuccis has run out of broccoli and so are not offering the silano style pizza today",
                "segments": [
                    {
                        "start_index": 14,
                        "end_index": 23,
                        "text": "bertuccis",
                        "annotations": [
                            {
                                "name": "pizza_ordering.name.store"
                            }
                        ]
                    },
                    {
                        "start_index": 39,
                        "end_index": 47,
                        "text": "broccoli",
                        "annotations": [
                            {
                                "name": "pizza_ordering.type.topping.reject"
                            }
                        ]
                    },
                    {
                        "start_index": 76,
                        "end_index": 94,
                        "text": "silano style pizza",
                        "annotations": [
                            {
                                "name": "pizza_ordering.name.pizza.reject"
                            },
                            {
                                "name": "pizza_ordering.name.pizza.reject"
                            }
                        ]
                    }
                ]
            },
            {
                "index": 8,
                "speaker": "USER",
                "text": "I see"
            },
            {
                "index": 9,
                "speaker": "ASSISTANT",
                "text": "would you like a different type of pizza? "
            },
            {
                "index": 10,
                "speaker": "USER",
                "text": "yes. i would like a sporkie pizza",
                "segments": [
                    {
                        "start_index": 20,
                        "end_index": 33,
                        "text": "sporkie pizza",
                        "annotations": [
                            {
                                "name": "pizza_ordering.name.pizza"
                            },
                            {
                                "name": "pizza_ordering.name.pizza"
                            }
                        ]
                    }
                ]
            },
            {
                "index": 11,
                "speaker": "ASSISTANT",
                "text": "what size would you like? "
            },
            {
                "index": 12,
                "speaker": "USER",
                "text": "large",
                "segments": [
                    {
                        "start_index": 0,
                        "end_index": 5,
                        "text": "large",
                        "annotations": [
                            {
                                "name": "pizza_ordering.size.pizza"
                            },
                            {
                                "name": "pizza_ordering.size.pizza"
                            }
                        ]
                    }
                ]
            },
            {
                "index": 13,
                "speaker": "ASSISTANT",
                "text": "ok. I have confirmed your order for a large sporkie pizza at the bertuccis in chelmsford, ma",
                "segments": [
                    {
                        "start_index": 38,
                        "end_index": 43,
                        "text": "large",
                        "annotations": [
                            {
                                "name": "pizza_ordering.size.pizza.accept"
                            },
                            {
                                "name": "pizza_ordering.size.pizza.accept"
                            }
                        ]
                    },
                    {
                        "start_index": 44,
                        "end_index": 57,
                        "text": "sporkie pizza",
                        "annotations": [
                            {
                                "name": "pizza_ordering.name.pizza.accept"
                            },
                            {
                                "name": "pizza_ordering.name.pizza.accept"
                            }
                        ]
                    },
                    {
                        "start_index": 65,
                        "end_index": 74,
                        "text": "bertuccis",
                        "annotations": [
                            {
                                "name": "pizza_ordering.name.store.accept"
                            },
                            {
                                "name": "pizza_ordering.name.store.accept"
                            }
                        ]
                    },
                    {
                        "start_index": 78,
                        "end_index": 92,
                        "text": "chelmsford, ma",
                        "annotations": [
                            {
                                "name": "pizza_ordering.location.store.accept"
                            },
                            {
                                "name": "pizza_ordering.location.store.accept"
                            }
                        ]
                    }
                ]
            },
            {
                "index": 14,
                "speaker": "USER",
                "text": "very good"
            },
            {
                "index": 15,
                "speaker": "ASSISTANT",
                "text": "would you like anything else? "
            },
            {
                "index": 16,
                "speaker": "USER",
                "text": "no thank you"
            },
            {
                "index": 17,
                "speaker": "ASSISTANT",
                "text": "you will be receiving a text message on your phone confirming the details of your order including the receipt and will be ready for pick up in 25 minutes"
            },
            {
                "index": 18,
                "speaker": "USER",
                "text": "great. thank you so much"
            },
            {
                "index": 19,
                "speaker": "ASSISTANT",
                "text": "you're welcome. glad i could be of assistance"
            }
        ]
    },
    {
        "conversation_id": "dlg-001d8bb1-6f25-4ecd-986a-b7eeb5fa4e19",
        "instruction_id": "pizza-ordering-2",
        "utterances": [
            {
                "index": 0,
                "speaker": "USER",
                "text": "Hi I'd like to order two large pizzas.",
                "segments": [
                    {
                        "start_index": 25,
                        "end_index": 30,
                        "text": "large",
                        "annotations": [
                            {
                                "name": "pizza_ordering.size.pizza"
                            },
                            {
                                "name": "pizza_ordering.size.pizza"
                            }
                        ]
                    }
                ]
            },
            {
                "index": 1,
                "speaker": "ASSISTANT",
                "text": "Sure, what kind of pizzas to you have in mind?"
            },
            {
                "index": 2,
                "speaker": "USER",
                "text": "I'll have a Hawaiian please.",
                "segments": [
                    {
                        "start_index": 12,
                        "end_index": 20,
                        "text": "Hawaiian",
                        "annotations": [
                            {
                                "name": "pizza_ordering.name.pizza"
                            },
                            {
                                "name": "pizza_ordering.name.pizza"
                            }
                        ]
                    }
                ]
            },
            {
                "index": 3,
                "speaker": "ASSISTANT",
                "text": "sure, is there anything else I can get for you?"
            },
            {
                "index": 4,
                "speaker": "USER",
                "text": "Yes, I'd like a large meat lover pizza please.",
                "segments": [
                    {
                        "start_index": 16,
                        "end_index": 21,
                        "text": "large",
                        "annotations": [
                            {
                                "name": "pizza_ordering.size.pizza"
                            },
                            {
                                "name": "pizza_ordering.size.pizza"
                            }
                        ]
                    },
                    {
                        "start_index": 22,
                        "end_index": 38,
                        "text": "meat lover pizza",
                        "annotations": [
                            {
                                "name": "pizza_ordering.name.pizza"
                            },
                            {
                                "name": "pizza_ordering.name.pizza"
                            }
                        ]
                    }
                ]
            },
            {
                "index": 5,
                "speaker": "ASSISTANT",
                "text": "I am sorry, we're currently out of the meat lover pizza. Is there anything else you'd like instead?",
                "segments": [
                    {
                        "start_index": 39,
                        "end_index": 55,
                        "text": "meat lover pizza",
                        "annotations": [
                            {
                                "name": "pizza_ordering.name.pizza.reject"
                            },
                            {
                                "name": "pizza_ordering.name.pizza.reject"
                            }
                        ]
                    }
                ]
            },
            {
                "index": 6,
                "speaker": "USER",
                "text": "Sure. I'd like a buffalo chicken pizza please.",
                "segments": [
                    {
                        "start_index": 17,
                        "end_index": 38,
                        "text": "buffalo chicken pizza",
                        "annotations": [
                            {
                                "name": "pizza_ordering.name.pizza"
                            },
                            {
                                "name": "pizza_ordering.name.pizza"
                            }
                        ]
                    }
                ]
            },
            {
                "index": 7,
                "speaker": "ASSISTANT",
                "text": "Sure thing. What size do you want your buffalo chicken pizza?",
                "segments": [
                    {
                        "start_index": 39,
                        "end_index": 60,
                        "text": "buffalo chicken pizza",
                        "annotations": [
                            {
                                "name": "pizza_ordering.name.pizza"
                            }
                        ]
                    }
                ]
            },
            {
                "index": 8,
                "speaker": "USER",
                "text": "Large please.",
                "segments": [
                    {
                        "start_index": 0,
                        "end_index": 5,
                        "text": "Large",
                        "annotations": [
                            {
                                "name": "pizza_ordering.size.pizza"
                            },
                            {
                                "name": "pizza_ordering.size.pizza"
                            }
                        ]
                    }
                ]
            },
            {
                "index": 9,
                "speaker": "ASSISTANT",
                "text": "What kind of crust do you want for your Hawaiian pizza?",
                "segments": [
                    {
                        "start_index": 40,
                        "end_index": 48,
                        "text": "Hawaiian",
                        "annotations": [
                            {
                                "name": "pizza_ordering.name.pizza"
                            }
                        ]
                    },
                    {
                        "start_index": 40,
                        "end_index": 54,
                        "text": "Hawaiian pizza",
                        "annotations": [
                            {
                                "name": "pizza_ordering.name.pizza"
                            }
                        ]
                    }
                ]
            },
            {
                "index": 10,
                "speaker": "USER",
                "text": "Hand tossed please.",
                "segments": [
                    {
                        "start_index": 0,
                        "end_index": 11,
                        "text": "Hand tossed",
                        "annotations": [
                            {
                                "name": "pizza_ordering.type.crust"
                            },
                            {
                                "name": "pizza_ordering.type.crust"
                            }
                        ]
                    }
                ]
            },
            {
                "index": 11,
                "speaker": "ASSISTANT",
                "text": "What kind of crust do you want for you buffalo chicken pizza?",
                "segments": [
                    {
                        "start_index": 39,
                        "end_index": 60,
                        "text": "buffalo chicken pizza",
                        "annotations": [
                            {
                                "name": "pizza_ordering.name.pizza"
                            }
                        ]
                    }
                ]
            },
            {
                "index": 12,
                "speaker": "USER",
                "text": "Also hand tossed please.",
                "segments": [
                    {
                        "start_index": 5,
                        "end_index": 16,
                        "text": "hand tossed",
                        "annotations": [
                            {
                                "name": "pizza_ordering.type.crust"
                            },
                            {
                                "name": "pizza_ordering.type.crust"
                            }
                        ]
                    }
                ]
            },
            {
                "index": 13,
                "speaker": "ASSISTANT",
                "text": "thank you very much. Is there anything else I can get for you?"
            },
            {
                "index": 14,
                "speaker": "USER",
                "text": "No, that's it for today. Thank you"
            },
            {
                "index": 15,
                "speaker": "ASSISTANT",
                "text": "My pleasure. So we have a large, hand tossed crust buffalo chicken pizza and a large hand tossed crust Hawaiian pizza. Is that correct?",
                "segments": [
                    {
                        "start_index": 26,
                        "end_index": 31,
                        "text": "large",
                        "annotations": [
                            {
                                "name": "pizza_ordering.size.pizza.accept"
                            },
                            {
                                "name": "pizza_ordering.size.pizza"
                            },
                            {
                                "name": "pizza_ordering.size.pizza"
                            },
                            {
                                "name": "pizza_ordering.size.pizza"
                            }
                        ]
                    },
                    {
                        "start_index": 33,
                        "end_index": 44,
                        "text": "hand tossed",
                        "annotations": [
                            {
                                "name": "pizza_ordering.type.crust"
                            },
                            {
                                "name": "pizza_ordering.type.crust"
                            }
                        ]
                    },
                    {
                        "start_index": 33,
                        "end_index": 50,
                        "text": "hand tossed crust",
                        "annotations": [
                            {
                                "name": "pizza_ordering.type.crust.accept"
                            },
                            {
                                "name": "pizza_ordering.type.crust"
                            }
                        ]
                    },
                    {
                        "start_index": 51,
                        "end_index": 72,
                        "text": "buffalo chicken pizza",
                        "annotations": [
                            {
                                "name": "pizza_ordering.name.pizza.accept"
                            },
                            {
                                "name": "pizza_ordering.name.pizza"
                            }
                        ]
                    },
                    {
                        "start_index": 103,
                        "end_index": 117,
                        "text": "Hawaiian pizza",
                        "annotations": [
                            {
                                "name": "pizza_ordering.name.pizza.accept"
                            },
                            {
                                "name": "pizza_ordering.name.pizza"
                            }
                        ]
                    }
                ]
            },
            {
                "index": 16,
                "speaker": "USER",
                "text": "Perfect"
            },
            {
                "index": 17,
                "speaker": "ASSISTANT",
                "text": "So your total today will be $25 "
            },
            {
                "index": 18,
                "speaker": "USER",
                "text": "Sounds good"
            },
            {
                "index": 19,
                "speaker": "ASSISTANT",
                "text": "Awesome. Can I have a name for the order please?"
            },
            {
                "index": 20,
                "speaker": "USER",
                "text": "It's John Doe"
            },
            {
                "index": 21,
                "speaker": "ASSISTANT",
                "text": "Can I also have a phone number for order update?"
            },
            {
                "index": 22,
                "speaker": "USER",
                "text": "sure it123456789"
            },
            {
                "index": 23,
                "speaker": "ASSISTANT",
                "text": "ok, thank you very much. Your order will be ready to pick up in 25 minutes"
            },
            {
                "index": 24,
                "speaker": "USER",
                "text": "sounds good. Thank you"
            },
            {
                "index": 25,
                "speaker": "ASSISTANT",
                "text": "My pleasure "
            }
        ]
    }
]