{
    "requestable": [
        "address", 
        "area", 
        "food", 
        "phone", 
        "price range", 
        "postcode", 
        "name"
    ], 
    "informable": {
        "request": [
            "address", 
            "area", 
            "food", 
            "phone", 
            "price range", 
            "postcode", 
            "name"
        ],
        "food": [
            "afghan", 
            "african", 
            "afternoon tea", 
            "asian oriental", 
            "australasian", 
            "australian", 
            "austrian", 
            "barbeque", 
            "basque", 
            "belgian", 
            "bistro", 
            "brazilian", 
            "british", 
            "canapes", 
            "cantonese", 
            "caribbean", 
            "catalan", 
            "chinese", 
            "christmas", 
            "corsica", 
            "creative", 
            "crossover", 
            "cuban", 
            "danish", 
            "eastern european", 
            "english", 
            "eritrean", 
            "european", 
            "french", 
            "fusion", 
            "gastropub", 
            "german", 
            "greek", 
            "halal", 
            "hungarian", 
            "indian", 
            "indonesian", 
            "international", 
            "irish", 
            "italian", 
            "jamaican", 
            "japanese", 
            "korean", 
            "kosher", 
            "latin american", 
            "lebanese", 
            "light bites", 
            "malaysian", 
            "mediterranean", 
            "mexican", 
            "middle eastern", 
            "modern american", 
            "modern eclectic", 
            "modern european", 
            "modern global", 
            "molecular gastronomy", 
            "moroccan", 
            "new zealand", 
            "north african", 
            "north american", 
            "north indian", 
            "northern european", 
            "panasian", 
            "persian", 
            "polish", 
            "polynesian", 
            "portuguese", 
            "romanian", 
            "russian", 
            "scandinavian", 
            "scottish", 
            "seafood", 
            "singaporean", 
            "south african", 
            "south indian", 
            "spanish", 
            "sri lankan", 
            "steakhouse", 
            "swedish", 
            "swiss", 
            "thai", 
            "the americas", 
            "traditional", 
            "turkish", 
            "tuscan", 
            "unusual", 
            "vegetarian", 
            "venetian", 
            "vietnamese", 
            "welsh", 
            "world"
        ], 
        "price range": [
            "cheap", 
            "moderate", 
            "expensive"
        ], 
        "area": [
            "centre", 
            "north", 
            "west", 
            "south", 
            "east"
        ]
    }
}
