[
    {
        "input": "i am still waiting on my card?",
        "output": "card_arrival"
    },
    {
        "input": "what can i do if my card still hasn't arrived after 2 weeks?",
        "output": "card_arrival"
    },
    {
        "input": "i have been waiting over a week. is the card still coming?",
        "output": "card_arrival"
    },
    {
        "input": "can i track my card while it is in the process of delivery?",
        "output": "card_arrival"
    },
    {
        "input": "how do i know if i will get my card, or if it is lost?",
        "output": "card_arrival"
    }
]