[
    {
        "dialogue_id": "SSNG0007.json",
        "services": [
            "restaurant"
        ],
        "turns": [
            {
                "frames": [
                    {
                        "actions": [],
                        "service": "restaurant",
                        "slots": [
                            {
                                "exclusive_end": 26,
                                "slot": "restaurant-food",
                                "start": 19,
                                "value": "Chinese"
                            }
                        ],
                        "state": {
                            "active_intent": "find_restaurant",
                            "requested_slots": [],
                            "slot_values": {
                                "restaurant-area": [
                                    "centre"
                                ],
                                "restaurant-food": [
                                    "chinese"
                                ]
                            }
                        }
                    },
                    {
                        "actions": [],
                        "service": "taxi",
                        "slots": [],
                        "state": {
                            "active_intent": "NONE",
                            "requested_slots": [],
                            "slot_values": {}
                        }
                    },
                    {
                        "actions": [],
                        "service": "train",
                        "slots": [],
                        "state": {
                            "active_intent": "NONE",
                            "requested_slots": [],
                            "slot_values": {}
                        }
                    },
                    {
                        "actions": [],
                        "service": "bus",
                        "slots": [],
                        "state": {
                            "active_intent": "NONE",
                            "requested_slots": [],
                            "slot_values": {}
                        }
                    },
                    {
                        "actions": [],
                        "service": "police",
                        "slots": [],
                        "state": {
                            "active_intent": "NONE",
                            "requested_slots": [],
                            "slot_values": {}
                        }
                    },
                    {
                        "actions": [],
                        "service": "hotel",
                        "slots": [],
                        "state": {
                            "active_intent": "NONE",
                            "requested_slots": [],
                            "slot_values": {}
                        }
                    },
                    {
                        "actions": [],
                        "service": "attraction",
                        "slots": [],
                        "state": {
                            "active_intent": "NONE",
                            "requested_slots": [],
                            "slot_values": {}
                        }
                    },
                    {
                        "actions": [],
                        "service": "hospital",
                        "slots": [],
                        "state": {
                            "active_intent": "NONE",
                            "requested_slots": [],
                            "slot_values": {}
                        }
                    }
                ],
                "speaker": "USER",
                "turn_id": "0",
                "utterance": "I am looking for a Chinese place in the centre."
            },
            {
                "frames": [],
                "speaker": "SYSTEM",
                "turn_id": "1",
                "utterance": "I have 10 restaurants matching your request. Did you have a price range you would like?"
            },
            {
                "frames": [
                    {
                        "actions": [],
                        "service": "restaurant",
                        "slots": [],
                        "state": {
                            "active_intent": "find_restaurant",
                            "requested_slots": [],
                            "slot_values": {
                                "restaurant-area": [
                                    "centre"
                                ],
                                "restaurant-food": [
                                    "chinese"
                                ]
                            }
                        }
                    },
                    {
                        "actions": [],
                        "service": "taxi",
                        "slots": [],
                        "state": {
                            "active_intent": "NONE",
                            "requested_slots": [],
                            "slot_values": {}
                        }
                    },
                    {
                        "actions": [],
                        "service": "train",
                        "slots": [],
                        "state": {
                            "active_intent": "NONE",
                            "requested_slots": [],
                            "slot_values": {}
                        }
                    },
                    {
                        "actions": [],
                        "service": "bus",
                        "slots": [],
                        "state": {
                            "active_intent": "NONE",
                            "requested_slots": [],
                            "slot_values": {}
                        }
                    },
                    {
                        "actions": [],
                        "service": "police",
                        "slots": [],
                        "state": {
                            "active_intent": "NONE",
                            "requested_slots": [],
                            "slot_values": {}
                        }
                    },
                    {
                        "actions": [],
                        "service": "hotel",
                        "slots": [],
                        "state": {
                            "active_intent": "NONE",
                            "requested_slots": [],
                            "slot_values": {}
                        }
                    },
                    {
                        "actions": [],
                        "service": "attraction",
                        "slots": [],
                        "state": {
                            "active_intent": "NONE",
                            "requested_slots": [],
                            "slot_values": {}
                        }
                    },
                    {
                        "actions": [],
                        "service": "hospital",
                        "slots": [],
                        "state": {
                            "active_intent": "NONE",
                            "requested_slots": [],
                            "slot_values": {}
                        }
                    }
                ],
                "speaker": "USER",
                "turn_id": "2",
                "utterance": "No, it doesn't matter."
            },
            {
                "frames": [],
                "speaker": "SYSTEM",
                "turn_id": "3",
                "utterance": "Would you like for it to have a certain number of stars?"
            },
            {
                "frames": [
                    {
                        "actions": [],
                        "service": "restaurant",
                        "slots": [
                            {
                                "exclusive_end": 76,
                                "slot": "restaurant-booktime",
                                "start": 71,
                                "value": "15:00"
                            }
                        ],
                        "state": {
                            "active_intent": "book_restaurant",
                            "requested_slots": [],
                            "slot_values": {
                                "restaurant-area": [
                                    "centre"
                                ],
                                "restaurant-bookday": [
                                    "wednesday"
                                ],
                                "restaurant-bookpeople": [
                                    "4"
                                ],
                                "restaurant-booktime": [
                                    "15:00"
                                ],
                                "restaurant-food": [
                                    "chinese"
                                ]
                            }
                        }
                    },
                    {
                        "actions": [],
                        "service": "taxi",
                        "slots": [],
                        "state": {
                            "active_intent": "NONE",
                            "requested_slots": [],
                            "slot_values": {}
                        }
                    },
                    {
                        "actions": [],
                        "service": "train",
                        "slots": [],
                        "state": {
                            "active_intent": "NONE",
                            "requested_slots": [],
                            "slot_values": {}
                        }
                    },
                    {
                        "actions": [],
                        "service": "bus",
                        "slots": [],
                        "state": {
                            "active_intent": "NONE",
                            "requested_slots": [],
                            "slot_values": {}
                        }
                    },
                    {
                        "actions": [],
                        "service": "police",
                        "slots": [],
                        "state": {
                            "active_intent": "NONE",
                            "requested_slots": [],
                            "slot_values": {}
                        }
                    },
                    {
                        "actions": [],
                        "service": "hotel",
                        "slots": [],
                        "state": {
                            "active_intent": "NONE",
                            "requested_slots": [],
                            "slot_values": {}
                        }
                    },
                    {
                        "actions": [],
                        "service": "attraction",
                        "slots": [],
                        "state": {
                            "active_intent": "NONE",
                            "requested_slots": [],
                            "slot_values": {}
                        }
                    },
                    {
                        "actions": [],
                        "service": "hospital",
                        "slots": [],
                        "state": {
                            "active_intent": "NONE",
                            "requested_slots": [],
                            "slot_values": {}
                        }
                    }
                ],
                "speaker": "USER",
                "turn_id": "4",
                "utterance": "No just book at a chinese place in the centre. I need a table for 4 at 15:00 on wednesday please."
            },
            {
                "frames": [
                    {
                        "actions": [],
                        "service": "restaurant",
                        "slots": [
                            {
                                "exclusive_end": 32,
                                "slot": "restaurant-name",
                                "start": 14,
                                "value": "Jinling Noodle bar"
                            }
                        ]
                    }
                ],
                "speaker": "SYSTEM",
                "turn_id": "5",
                "utterance": "I have you at Jinling Noodle bar then, reference is OCNH3CJJ . Anything else you need?"
            },
            {
                "frames": [
                    {
                        "actions": [],
                        "service": "restaurant",
                        "slots": [],
                        "state": {
                            "active_intent": "book_restaurant",
                            "requested_slots": [],
                            "slot_values": {
                                "restaurant-area": [
                                    "centre"
                                ],
                                "restaurant-bookday": [
                                    "wednesday"
                                ],
                                "restaurant-bookpeople": [
                                    "4"
                                ],
                                "restaurant-booktime": [
                                    "15:00"
                                ],
                                "restaurant-food": [
                                    "chinese"
                                ],
                                "restaurant-name": [
                                    "jinling noodle bar"
                                ]
                            }
                        }
                    },
                    {
                        "actions": [],
                        "service": "taxi",
                        "slots": [],
                        "state": {
                            "active_intent": "NONE",
                            "requested_slots": [],
                            "slot_values": {}
                        }
                    },
                    {
                        "actions": [],
                        "service": "train",
                        "slots": [],
                        "state": {
                            "active_intent": "NONE",
                            "requested_slots": [],
                            "slot_values": {}
                        }
                    },
                    {
                        "actions": [],
                        "service": "bus",
                        "slots": [],
                        "state": {
                            "active_intent": "NONE",
                            "requested_slots": [],
                            "slot_values": {}
                        }
                    },
                    {
                        "actions": [],
                        "service": "police",
                        "slots": [],
                        "state": {
                            "active_intent": "NONE",
                            "requested_slots": [],
                            "slot_values": {}
                        }
                    },
                    {
                        "actions": [],
                        "service": "hotel",
                        "slots": [],
                        "state": {
                            "active_intent": "NONE",
                            "requested_slots": [],
                            "slot_values": {}
                        }
                    },
                    {
                        "actions": [],
                        "service": "attraction",
                        "slots": [],
                        "state": {
                            "active_intent": "NONE",
                            "requested_slots": [],
                            "slot_values": {}
                        }
                    },
                    {
                        "actions": [],
                        "service": "hospital",
                        "slots": [],
                        "state": {
                            "active_intent": "NONE",
                            "requested_slots": [],
                            "slot_values": {}
                        }
                    }
                ],
                "speaker": "USER",
                "turn_id": "6",
                "utterance": "No that is it. Thank you."
            },
            {
                "frames": [],
                "speaker": "SYSTEM",
                "turn_id": "7",
                "utterance": "Have a great day!"
            }
        ],
        "filename": "dialogues_006"
    },
    {
        "dialogue_id": "SNG1161.json",
        "services": [
            "taxi"
        ],
        "turns": [
            {
                "frames": [
                    {
                        "actions": [],
                        "service": "taxi",
                        "slots": [
                            {
                                "exclusive_end": 56,
                                "slot": "taxi-leaveat",
                                "start": 45,
                                "value": "after 02:30"
                            },
                            {
                                "exclusive_end": 95,
                                "slot": "taxi-destination",
                                "start": 74,
                                "value": "Norwich train station"
                            }
                        ],
                        "state": {
                            "active_intent": "find_taxi",
                            "requested_slots": [],
                            "slot_values": {
                                "taxi-destination": [
                                    "norwich train station"
                                ],
                                "taxi-leaveat": [
                                    "02:45",
                                    "after 02:30"
                                ]
                            }
                        }
                    },
                    {
                        "actions": [],
                        "service": "train",
                        "slots": [],
                        "state": {
                            "active_intent": "NONE",
                            "requested_slots": [],
                            "slot_values": {}
                        }
                    },
                    {
                        "actions": [],
                        "service": "bus",
                        "slots": [],
                        "state": {
                            "active_intent": "NONE",
                            "requested_slots": [],
                            "slot_values": {}
                        }
                    },
                    {
                        "actions": [],
                        "service": "police",
                        "slots": [],
                        "state": {
                            "active_intent": "NONE",
                            "requested_slots": [],
                            "slot_values": {}
                        }
                    },
                    {
                        "actions": [],
                        "service": "hotel",
                        "slots": [],
                        "state": {
                            "active_intent": "NONE",
                            "requested_slots": [],
                            "slot_values": {}
                        }
                    },
                    {
                        "actions": [],
                        "service": "restaurant",
                        "slots": [],
                        "state": {
                            "active_intent": "NONE",
                            "requested_slots": [],
                            "slot_values": {}
                        }
                    },
                    {
                        "actions": [],
                        "service": "attraction",
                        "slots": [],
                        "state": {
                            "active_intent": "NONE",
                            "requested_slots": [],
                            "slot_values": {}
                        }
                    },
                    {
                        "actions": [],
                        "service": "hospital",
                        "slots": [],
                        "state": {
                            "active_intent": "NONE",
                            "requested_slots": [],
                            "slot_values": {}
                        }
                    }
                ],
                "speaker": "USER",
                "turn_id": "0",
                "utterance": "i want to book a taxi. The taxi should leave after 02:30 and should go to Norwich train station."
            },
            {
                "frames": [],
                "speaker": "SYSTEM",
                "turn_id": "1",
                "utterance": "I can definitely help you with that. Where will you be departing from?"
            },
            {
                "frames": [
                    {
                        "actions": [],
                        "service": "taxi",
                        "slots": [
                            {
                                "exclusive_end": 38,
                                "slot": "taxi-departure",
                                "start": 25,
                                "value": "jesus college"
                            }
                        ],
                        "state": {
                            "active_intent": "find_taxi",
                            "requested_slots": [],
                            "slot_values": {
                                "taxi-departure": [
                                    "jesus college"
                                ],
                                "taxi-destination": [
                                    "norwich train station"
                                ],
                                "taxi-leaveat": [
                                    "02:45",
                                    "after 02:30"
                                ]
                            }
                        }
                    },
                    {
                        "actions": [],
                        "service": "train",
                        "slots": [],
                        "state": {
                            "active_intent": "NONE",
                            "requested_slots": [],
                            "slot_values": {}
                        }
                    },
                    {
                        "actions": [],
                        "service": "bus",
                        "slots": [],
                        "state": {
                            "active_intent": "NONE",
                            "requested_slots": [],
                            "slot_values": {}
                        }
                    },
                    {
                        "actions": [],
                        "service": "police",
                        "slots": [],
                        "state": {
                            "active_intent": "NONE",
                            "requested_slots": [],
                            "slot_values": {}
                        }
                    },
                    {
                        "actions": [],
                        "service": "hotel",
                        "slots": [],
                        "state": {
                            "active_intent": "NONE",
                            "requested_slots": [],
                            "slot_values": {}
                        }
                    },
                    {
                        "actions": [],
                        "service": "restaurant",
                        "slots": [],
                        "state": {
                            "active_intent": "NONE",
                            "requested_slots": [],
                            "slot_values": {}
                        }
                    },
                    {
                        "actions": [],
                        "service": "attraction",
                        "slots": [],
                        "state": {
                            "active_intent": "NONE",
                            "requested_slots": [],
                            "slot_values": {}
                        }
                    },
                    {
                        "actions": [],
                        "service": "hospital",
                        "slots": [],
                        "state": {
                            "active_intent": "NONE",
                            "requested_slots": [],
                            "slot_values": {}
                        }
                    }
                ],
                "speaker": "USER",
                "turn_id": "2",
                "utterance": "I will be departing from jesus college."
            },
            {
                "frames": [],
                "speaker": "SYSTEM",
                "turn_id": "3",
                "utterance": "I have booked you a grey Audi. The contact number is 07597249308. What else may I help you with?"
            },
            {
                "frames": [
                    {
                        "actions": [],
                        "service": "taxi",
                        "slots": [],
                        "state": {
                            "active_intent": "NONE",
                            "requested_slots": [],
                            "slot_values": {
                                "taxi-departure": [
                                    "jesus college"
                                ],
                                "taxi-destination": [
                                    "norwich train station"
                                ],
                                "taxi-leaveat": [
                                    "02:45",
                                    "after 02:30"
                                ]
                            }
                        }
                    },
                    {
                        "actions": [],
                        "service": "train",
                        "slots": [],
                        "state": {
                            "active_intent": "NONE",
                            "requested_slots": [],
                            "slot_values": {}
                        }
                    },
                    {
                        "actions": [],
                        "service": "bus",
                        "slots": [],
                        "state": {
                            "active_intent": "NONE",
                            "requested_slots": [],
                            "slot_values": {}
                        }
                    },
                    {
                        "actions": [],
                        "service": "police",
                        "slots": [],
                        "state": {
                            "active_intent": "NONE",
                            "requested_slots": [],
                            "slot_values": {}
                        }
                    },
                    {
                        "actions": [],
                        "service": "hotel",
                        "slots": [],
                        "state": {
                            "active_intent": "NONE",
                            "requested_slots": [],
                            "slot_values": {}
                        }
                    },
                    {
                        "actions": [],
                        "service": "restaurant",
                        "slots": [],
                        "state": {
                            "active_intent": "NONE",
                            "requested_slots": [],
                            "slot_values": {}
                        }
                    },
                    {
                        "actions": [],
                        "service": "attraction",
                        "slots": [],
                        "state": {
                            "active_intent": "NONE",
                            "requested_slots": [],
                            "slot_values": {}
                        }
                    },
                    {
                        "actions": [],
                        "service": "hospital",
                        "slots": [],
                        "state": {
                            "active_intent": "NONE",
                            "requested_slots": [],
                            "slot_values": {}
                        }
                    }
                ],
                "speaker": "USER",
                "turn_id": "4",
                "utterance": "that's is all i wanted for today, thanks"
            },
            {
                "frames": [],
                "speaker": "SYSTEM",
                "turn_id": "5",
                "utterance": "Thanks and have a nice day."
            }
        ],
        "filename": "dialogues_006"
    },
    {
        "dialogue_id": "MUL1443.json",
        "services": [
            "restaurant",
            "train"
        ],
        "turns": [
            {
                "frames": [
                    {
                        "actions": [],
                        "service": "restaurant",
                        "slots": [],
                        "state": {
                            "active_intent": "find_restaurant",
                            "requested_slots": [],
                            "slot_values": {
                                "restaurant-area": [
                                    "centre"
                                ],
                                "restaurant-pricerange": [
                                    "expensive"
                                ]
                            }
                        }
                    },
                    {
                        "actions": [],
                        "service": "taxi",
                        "slots": [],
                        "state": {
                            "active_intent": "NONE",
                            "requested_slots": [],
                            "slot_values": {}
                        }
                    },
                    {
                        "actions": [],
                        "service": "train",
                        "slots": [],
                        "state": {
                            "active_intent": "NONE",
                            "requested_slots": [],
                            "slot_values": {}
                        }
                    },
                    {
                        "actions": [],
                        "service": "bus",
                        "slots": [],
                        "state": {
                            "active_intent": "NONE",
                            "requested_slots": [],
                            "slot_values": {}
                        }
                    },
                    {
                        "actions": [],
                        "service": "police",
                        "slots": [],
                        "state": {
                            "active_intent": "NONE",
                            "requested_slots": [],
                            "slot_values": {}
                        }
                    },
                    {
                        "actions": [],
                        "service": "hotel",
                        "slots": [],
                        "state": {
                            "active_intent": "NONE",
                            "requested_slots": [],
                            "slot_values": {}
                        }
                    },
                    {
                        "actions": [],
                        "service": "attraction",
                        "slots": [],
                        "state": {
                            "active_intent": "NONE",
                            "requested_slots": [],
                            "slot_values": {}
                        }
                    },
                    {
                        "actions": [],
                        "service": "hospital",
                        "slots": [],
                        "state": {
                            "active_intent": "NONE",
                            "requested_slots": [],
                            "slot_values": {}
                        }
                    }
                ],
                "speaker": "USER",
                "turn_id": "0",
                "utterance": "I'm looking for an expensive restaurant in the city centre."
            },
            {
                "frames": [],
                "speaker": "SYSTEM",
                "turn_id": "1",
                "utterance": "I can most definitely help with that. Is there a certain type of food you would like to try?"
            },
            {
                "frames": [
                    {
                        "actions": [],
                        "service": "restaurant",
                        "slots": [
                            {
                                "exclusive_end": 39,
                                "slot": "restaurant-food",
                                "start": 33,
                                "value": "French"
                            }
                        ],
                        "state": {
                            "active_intent": "find_restaurant",
                            "requested_slots": [],
                            "slot_values": {
                                "restaurant-area": [
                                    "centre"
                                ],
                                "restaurant-food": [
                                    "french"
                                ],
                                "restaurant-pricerange": [
                                    "expensive"
                                ]
                            }
                        }
                    },
                    {
                        "actions": [],
                        "service": "taxi",
                        "slots": [],
                        "state": {
                            "active_intent": "NONE",
                            "requested_slots": [],
                            "slot_values": {}
                        }
                    },
                    {
                        "actions": [],
                        "service": "train",
                        "slots": [],
                        "state": {
                            "active_intent": "NONE",
                            "requested_slots": [],
                            "slot_values": {}
                        }
                    },
                    {
                        "actions": [],
                        "service": "bus",
                        "slots": [],
                        "state": {
                            "active_intent": "NONE",
                            "requested_slots": [],
                            "slot_values": {}
                        }
                    },
                    {
                        "actions": [],
                        "service": "police",
                        "slots": [],
                        "state": {
                            "active_intent": "NONE",
                            "requested_slots": [],
                            "slot_values": {}
                        }
                    },
                    {
                        "actions": [],
                        "service": "hotel",
                        "slots": [],
                        "state": {
                            "active_intent": "NONE",
                            "requested_slots": [],
                            "slot_values": {}
                        }
                    },
                    {
                        "actions": [],
                        "service": "attraction",
                        "slots": [],
                        "state": {
                            "active_intent": "NONE",
                            "requested_slots": [],
                            "slot_values": {}
                        }
                    },
                    {
                        "actions": [],
                        "service": "hospital",
                        "slots": [],
                        "state": {
                            "active_intent": "NONE",
                            "requested_slots": [],
                            "slot_values": {}
                        }
                    }
                ],
                "speaker": "USER",
                "turn_id": "2",
                "utterance": "Yes, I think I would like to try French food."
            },
            {
                "frames": [
                    {
                        "actions": [],
                        "service": "restaurant",
                        "slots": [
                            {
                                "exclusive_end": 4,
                                "slot": "restaurant-name",
                                "start": 0,
                                "value": "Cote"
                            }
                        ]
                    }
                ],
                "speaker": "SYSTEM",
                "turn_id": "3",
                "utterance": "Cote is a French restaurant in the centre of town. It is expensive. Would you like me to book you a reservation?"
            },
            {
                "frames": [
                    {
                        "actions": [],
                        "service": "restaurant",
                        "slots": [],
                        "state": {
                            "active_intent": "find_restaurant",
                            "requested_slots": [
                                "restaurant-phone",
                                "restaurant-postcode",
                                "restaurant-address"
                            ],
                            "slot_values": {
                                "restaurant-area": [
                                    "centre"
                                ],
                                "restaurant-food": [
                                    "french"
                                ],
                                "restaurant-name": [
                                    "cote"
                                ],
                                "restaurant-pricerange": [
                                    "expensive"
                                ]
                            }
                        }
                    },
                    {
                        "actions": [],
                        "service": "taxi",
                        "slots": [],
                        "state": {
                            "active_intent": "NONE",
                            "requested_slots": [],
                            "slot_values": {}
                        }
                    },
                    {
                        "actions": [],
                        "service": "train",
                        "slots": [],
                        "state": {
                            "active_intent": "NONE",
                            "requested_slots": [],
                            "slot_values": {}
                        }
                    },
                    {
                        "actions": [],
                        "service": "bus",
                        "slots": [],
                        "state": {
                            "active_intent": "NONE",
                            "requested_slots": [],
                            "slot_values": {}
                        }
                    },
                    {
                        "actions": [],
                        "service": "police",
                        "slots": [],
                        "state": {
                            "active_intent": "NONE",
                            "requested_slots": [],
                            "slot_values": {}
                        }
                    },
                    {
                        "actions": [],
                        "service": "hotel",
                        "slots": [],
                        "state": {
                            "active_intent": "NONE",
                            "requested_slots": [],
                            "slot_values": {}
                        }
                    },
                    {
                        "actions": [],
                        "service": "attraction",
                        "slots": [],
                        "state": {
                            "active_intent": "NONE",
                            "requested_slots": [],
                            "slot_values": {}
                        }
                    },
                    {
                        "actions": [],
                        "service": "hospital",
                        "slots": [],
                        "state": {
                            "active_intent": "NONE",
                            "requested_slots": [],
                            "slot_values": {}
                        }
                    }
                ],
                "speaker": "USER",
                "turn_id": "4",
                "utterance": "Yes. Please send be the phone number, address and postcode."
            },
            {
                "frames": [],
                "speaker": "SYSTEM",
                "turn_id": "5",
                "utterance": "Their number is 01223311053, postcard is cb21uf and they are located on Bridge Street City Centre."
            },
            {
                "frames": [
                    {
                        "actions": [],
                        "service": "restaurant",
                        "slots": [],
                        "state": {
                            "active_intent": "NONE",
                            "requested_slots": [],
                            "slot_values": {
                                "restaurant-area": [
                                    "centre"
                                ],
                                "restaurant-food": [
                                    "french"
                                ],
                                "restaurant-name": [
                                    "cote"
                                ],
                                "restaurant-pricerange": [
                                    "expensive"
                                ]
                            }
                        }
                    },
                    {
                        "actions": [],
                        "service": "train",
                        "slots": [
                            {
                                "exclusive_end": 73,
                                "slot": "train-leaveat",
                                "start": 68,
                                "value": "12:15"
                            }
                        ],
                        "state": {
                            "active_intent": "find_train",
                            "requested_slots": [],
                            "slot_values": {
                                "train-departure": [
                                    "cambridge"
                                ],
                                "train-leaveat": [
                                    "12:15"
                                ]
                            }
                        }
                    },
                    {
                        "actions": [],
                        "service": "taxi",
                        "slots": [],
                        "state": {
                            "active_intent": "NONE",
                            "requested_slots": [],
                            "slot_values": {}
                        }
                    },
                    {
                        "actions": [],
                        "service": "bus",
                        "slots": [],
                        "state": {
                            "active_intent": "NONE",
                            "requested_slots": [],
                            "slot_values": {}
                        }
                    },
                    {
                        "actions": [],
                        "service": "police",
                        "slots": [],
                        "state": {
                            "active_intent": "NONE",
                            "requested_slots": [],
                            "slot_values": {}
                        }
                    },
                    {
                        "actions": [],
                        "service": "hotel",
                        "slots": [],
                        "state": {
                            "active_intent": "NONE",
                            "requested_slots": [],
                            "slot_values": {}
                        }
                    },
                    {
                        "actions": [],
                        "service": "attraction",
                        "slots": [],
                        "state": {
                            "active_intent": "NONE",
                            "requested_slots": [],
                            "slot_values": {}
                        }
                    },
                    {
                        "actions": [],
                        "service": "hospital",
                        "slots": [],
                        "state": {
                            "active_intent": "NONE",
                            "requested_slots": [],
                            "slot_values": {}
                        }
                    }
                ],
                "speaker": "USER",
                "turn_id": "6",
                "utterance": "Great, thanks. I also need a train. I need to leave cambridge after 12:15."
            },
            {
                "frames": [],
                "speaker": "SYSTEM",
                "turn_id": "7",
                "utterance": "I have over 800 possible matches for that request. Where will you be departing from?"
            },
            {
                "frames": [
                    {
                        "actions": [],
                        "service": "restaurant",
                        "slots": [],
                        "state": {
                            "active_intent": "NONE",
                            "requested_slots": [],
                            "slot_values": {
                                "restaurant-area": [
                                    "centre"
                                ],
                                "restaurant-food": [
                                    "french"
                                ],
                                "restaurant-name": [
                                    "cote"
                                ],
                                "restaurant-pricerange": [
                                    "expensive"
                                ]
                            }
                        }
                    },
                    {
                        "actions": [],
                        "service": "train",
                        "slots": [],
                        "state": {
                            "active_intent": "find_train",
                            "requested_slots": [],
                            "slot_values": {
                                "train-day": [
                                    "saturday"
                                ],
                                "train-departure": [
                                    "kings lynn"
                                ],
                                "train-leaveat": [
                                    "12:30",
                                    "12:15"
                                ]
                            }
                        }
                    },
                    {
                        "actions": [],
                        "service": "taxi",
                        "slots": [],
                        "state": {
                            "active_intent": "NONE",
                            "requested_slots": [],
                            "slot_values": {}
                        }
                    },
                    {
                        "actions": [],
                        "service": "bus",
                        "slots": [],
                        "state": {
                            "active_intent": "NONE",
                            "requested_slots": [],
                            "slot_values": {}
                        }
                    },
                    {
                        "actions": [],
                        "service": "police",
                        "slots": [],
                        "state": {
                            "active_intent": "NONE",
                            "requested_slots": [],
                            "slot_values": {}
                        }
                    },
                    {
                        "actions": [],
                        "service": "hotel",
                        "slots": [],
                        "state": {
                            "active_intent": "NONE",
                            "requested_slots": [],
                            "slot_values": {}
                        }
                    },
                    {
                        "actions": [],
                        "service": "attraction",
                        "slots": [],
                        "state": {
                            "active_intent": "NONE",
                            "requested_slots": [],
                            "slot_values": {}
                        }
                    },
                    {
                        "actions": [],
                        "service": "hospital",
                        "slots": [],
                        "state": {
                            "active_intent": "NONE",
                            "requested_slots": [],
                            "slot_values": {}
                        }
                    }
                ],
                "speaker": "USER",
                "turn_id": "8",
                "utterance": "I am leaving from Kings Lynn on Saturday."
            },
            {
                "frames": [],
                "speaker": "SYSTEM",
                "turn_id": "9",
                "utterance": "I have a train TR4003 leaving cambride at 13:00 and arriving at london kings cross at 13:51. Would you like me to make reservations?"
            },
            {
                "frames": [
                    {
                        "actions": [],
                        "service": "restaurant",
                        "slots": [],
                        "state": {
                            "active_intent": "NONE",
                            "requested_slots": [],
                            "slot_values": {
                                "restaurant-area": [
                                    "centre"
                                ],
                                "restaurant-food": [
                                    "french"
                                ],
                                "restaurant-name": [
                                    "cote"
                                ],
                                "restaurant-pricerange": [
                                    "expensive"
                                ]
                            }
                        }
                    },
                    {
                        "actions": [],
                        "service": "train",
                        "slots": [],
                        "state": {
                            "active_intent": "book_train",
                            "requested_slots": [],
                            "slot_values": {
                                "train-bookpeople": [
                                    "2"
                                ],
                                "train-day": [
                                    "saturday"
                                ],
                                "train-departure": [
                                    "kings lynn"
                                ],
                                "train-leaveat": [
                                    "12:30",
                                    "12:15"
                                ]
                            }
                        }
                    },
                    {
                        "actions": [],
                        "service": "taxi",
                        "slots": [],
                        "state": {
                            "active_intent": "NONE",
                            "requested_slots": [],
                            "slot_values": {}
                        }
                    },
                    {
                        "actions": [],
                        "service": "bus",
                        "slots": [],
                        "state": {
                            "active_intent": "NONE",
                            "requested_slots": [],
                            "slot_values": {}
                        }
                    },
                    {
                        "actions": [],
                        "service": "police",
                        "slots": [],
                        "state": {
                            "active_intent": "NONE",
                            "requested_slots": [],
                            "slot_values": {}
                        }
                    },
                    {
                        "actions": [],
                        "service": "hotel",
                        "slots": [],
                        "state": {
                            "active_intent": "NONE",
                            "requested_slots": [],
                            "slot_values": {}
                        }
                    },
                    {
                        "actions": [],
                        "service": "attraction",
                        "slots": [],
                        "state": {
                            "active_intent": "NONE",
                            "requested_slots": [],
                            "slot_values": {}
                        }
                    },
                    {
                        "actions": [],
                        "service": "hospital",
                        "slots": [],
                        "state": {
                            "active_intent": "NONE",
                            "requested_slots": [],
                            "slot_values": {}
                        }
                    }
                ],
                "speaker": "USER",
                "turn_id": "10",
                "utterance": "Yes, can you book that train for 2 people please?"
            },
            {
                "frames": [],
                "speaker": "SYSTEM",
                "turn_id": "11",
                "utterance": "Your train has been booked. Reference number CYW95CE2 . Is there anything else I can help you with?"
            },
            {
                "frames": [
                    {
                        "actions": [],
                        "service": "restaurant",
                        "slots": [],
                        "state": {
                            "active_intent": "NONE",
                            "requested_slots": [],
                            "slot_values": {
                                "restaurant-area": [
                                    "centre"
                                ],
                                "restaurant-food": [
                                    "french"
                                ],
                                "restaurant-name": [
                                    "cote"
                                ],
                                "restaurant-pricerange": [
                                    "expensive"
                                ]
                            }
                        }
                    },
                    {
                        "actions": [],
                        "service": "train",
                        "slots": [],
                        "state": {
                            "active_intent": "NONE",
                            "requested_slots": [],
                            "slot_values": {
                                "train-bookpeople": [
                                    "2"
                                ],
                                "train-day": [
                                    "saturday"
                                ],
                                "train-departure": [
                                    "kings lynn"
                                ],
                                "train-leaveat": [
                                    "12:30",
                                    "12:15"
                                ]
                            }
                        }
                    },
                    {
                        "actions": [],
                        "service": "taxi",
                        "slots": [],
                        "state": {
                            "active_intent": "NONE",
                            "requested_slots": [],
                            "slot_values": {}
                        }
                    },
                    {
                        "actions": [],
                        "service": "bus",
                        "slots": [],
                        "state": {
                            "active_intent": "NONE",
                            "requested_slots": [],
                            "slot_values": {}
                        }
                    },
                    {
                        "actions": [],
                        "service": "police",
                        "slots": [],
                        "state": {
                            "active_intent": "NONE",
                            "requested_slots": [],
                            "slot_values": {}
                        }
                    },
                    {
                        "actions": [],
                        "service": "hotel",
                        "slots": [],
                        "state": {
                            "active_intent": "NONE",
                            "requested_slots": [],
                            "slot_values": {}
                        }
                    },
                    {
                        "actions": [],
                        "service": "attraction",
                        "slots": [],
                        "state": {
                            "active_intent": "NONE",
                            "requested_slots": [],
                            "slot_values": {}
                        }
                    },
                    {
                        "actions": [],
                        "service": "hospital",
                        "slots": [],
                        "state": {
                            "active_intent": "NONE",
                            "requested_slots": [],
                            "slot_values": {}
                        }
                    }
                ],
                "speaker": "USER",
                "turn_id": "12",
                "utterance": "No, thank you. That is all I need today."
            },
            {
                "frames": [],
                "speaker": "SYSTEM",
                "turn_id": "13",
                "utterance": "I am happy to be able to help. Have a nice day. Goodbye."
            }
        ],
        "filename": "dialogues_006"
    },
    {
        "dialogue_id": "SNG01678.json",
        "services": [],
        "turns": [
            {
                "frames": [
                    {
                        "actions": [],
                        "service": "taxi",
                        "slots": [],
                        "state": {
                            "active_intent": "NONE",
                            "requested_slots": [],
                            "slot_values": {}
                        }
                    },
                    {
                        "actions": [],
                        "service": "train",
                        "slots": [],
                        "state": {
                            "active_intent": "NONE",
                            "requested_slots": [],
                            "slot_values": {}
                        }
                    },
                    {
                        "actions": [],
                        "service": "bus",
                        "slots": [],
                        "state": {
                            "active_intent": "NONE",
                            "requested_slots": [],
                            "slot_values": {}
                        }
                    },
                    {
                        "actions": [],
                        "service": "police",
                        "slots": [],
                        "state": {
                            "active_intent": "find_police",
                            "requested_slots": [],
                            "slot_values": {}
                        }
                    },
                    {
                        "actions": [],
                        "service": "hotel",
                        "slots": [],
                        "state": {
                            "active_intent": "NONE",
                            "requested_slots": [],
                            "slot_values": {}
                        }
                    },
                    {
                        "actions": [],
                        "service": "restaurant",
                        "slots": [],
                        "state": {
                            "active_intent": "NONE",
                            "requested_slots": [],
                            "slot_values": {}
                        }
                    },
                    {
                        "actions": [],
                        "service": "attraction",
                        "slots": [],
                        "state": {
                            "active_intent": "NONE",
                            "requested_slots": [],
                            "slot_values": {}
                        }
                    },
                    {
                        "actions": [],
                        "service": "hospital",
                        "slots": [],
                        "state": {
                            "active_intent": "NONE",
                            "requested_slots": [],
                            "slot_values": {}
                        }
                    }
                ],
                "speaker": "USER",
                "turn_id": "0",
                "utterance": "I want to know where I would find the Parkside Police Station. Could you tell me?"
            },
            {
                "frames": [],
                "speaker": "SYSTEM",
                "turn_id": "1",
                "utterance": "Their postcode is CB11JG, you can reach them at phone number 01223358966."
            },
            {
                "frames": [
                    {
                        "actions": [],
                        "service": "taxi",
                        "slots": [],
                        "state": {
                            "active_intent": "NONE",
                            "requested_slots": [],
                            "slot_values": {}
                        }
                    },
                    {
                        "actions": [],
                        "service": "train",
                        "slots": [],
                        "state": {
                            "active_intent": "NONE",
                            "requested_slots": [],
                            "slot_values": {}
                        }
                    },
                    {
                        "actions": [],
                        "service": "bus",
                        "slots": [],
                        "state": {
                            "active_intent": "NONE",
                            "requested_slots": [],
                            "slot_values": {}
                        }
                    },
                    {
                        "actions": [],
                        "service": "police",
                        "slots": [],
                        "state": {
                            "active_intent": "find_police",
                            "requested_slots": [],
                            "slot_values": {}
                        }
                    },
                    {
                        "actions": [],
                        "service": "hotel",
                        "slots": [],
                        "state": {
                            "active_intent": "NONE",
                            "requested_slots": [],
                            "slot_values": {}
                        }
                    },
                    {
                        "actions": [],
                        "service": "restaurant",
                        "slots": [],
                        "state": {
                            "active_intent": "NONE",
                            "requested_slots": [],
                            "slot_values": {}
                        }
                    },
                    {
                        "actions": [],
                        "service": "attraction",
                        "slots": [],
                        "state": {
                            "active_intent": "NONE",
                            "requested_slots": [],
                            "slot_values": {}
                        }
                    },
                    {
                        "actions": [],
                        "service": "hospital",
                        "slots": [],
                        "state": {
                            "active_intent": "NONE",
                            "requested_slots": [],
                            "slot_values": {}
                        }
                    }
                ],
                "speaker": "USER",
                "turn_id": "2",
                "utterance": "Thank you. May I have a street address for the police station?"
            },
            {
                "frames": [],
                "speaker": "SYSTEM",
                "turn_id": "3",
                "utterance": "Certainly. Their address is Parkside, Cambridge. Can I assist you further?"
            },
            {
                "frames": [
                    {
                        "actions": [],
                        "service": "taxi",
                        "slots": [],
                        "state": {
                            "active_intent": "NONE",
                            "requested_slots": [],
                            "slot_values": {}
                        }
                    },
                    {
                        "actions": [],
                        "service": "train",
                        "slots": [],
                        "state": {
                            "active_intent": "NONE",
                            "requested_slots": [],
                            "slot_values": {}
                        }
                    },
                    {
                        "actions": [],
                        "service": "bus",
                        "slots": [],
                        "state": {
                            "active_intent": "NONE",
                            "requested_slots": [],
                            "slot_values": {}
                        }
                    },
                    {
                        "actions": [],
                        "service": "police",
                        "slots": [],
                        "state": {
                            "active_intent": "NONE",
                            "requested_slots": [],
                            "slot_values": {}
                        }
                    },
                    {
                        "actions": [],
                        "service": "hotel",
                        "slots": [],
                        "state": {
                            "active_intent": "NONE",
                            "requested_slots": [],
                            "slot_values": {}
                        }
                    },
                    {
                        "actions": [],
                        "service": "restaurant",
                        "slots": [],
                        "state": {
                            "active_intent": "NONE",
                            "requested_slots": [],
                            "slot_values": {}
                        }
                    },
                    {
                        "actions": [],
                        "service": "attraction",
                        "slots": [],
                        "state": {
                            "active_intent": "NONE",
                            "requested_slots": [],
                            "slot_values": {}
                        }
                    },
                    {
                        "actions": [],
                        "service": "hospital",
                        "slots": [],
                        "state": {
                            "active_intent": "NONE",
                            "requested_slots": [],
                            "slot_values": {}
                        }
                    }
                ],
                "speaker": "USER",
                "turn_id": "4",
                "utterance": "Thank you goodbye"
            },
            {
                "frames": [],
                "speaker": "SYSTEM",
                "turn_id": "5",
                "utterance": "welcome. at your service next time"
            }
        ],
        "filename": "dialogues_006"
    },
    {
        "dialogue_id": "MUL1170.json",
        "services": [
            "attraction",
            "hotel"
        ],
        "turns": [
            {
                "frames": [
                    {
                        "actions": [],
                        "service": "hotel",
                        "slots": [],
                        "state": {
                            "active_intent": "find_hotel",
                            "requested_slots": [],
                            "slot_values": {
                                "hotel-parking": [
                                    "yes"
                                ],
                                "hotel-pricerange": [
                                    "moderate"
                                ]
                            }
                        }
                    },
                    {
                        "actions": [],
                        "service": "taxi",
                        "slots": [],
                        "state": {
                            "active_intent": "NONE",
                            "requested_slots": [],
                            "slot_values": {}
                        }
                    },
                    {
                        "actions": [],
                        "service": "train",
                        "slots": [],
                        "state": {
                            "active_intent": "NONE",
                            "requested_slots": [],
                            "slot_values": {}
                        }
                    },
                    {
                        "actions": [],
                        "service": "bus",
                        "slots": [],
                        "state": {
                            "active_intent": "NONE",
                            "requested_slots": [],
                            "slot_values": {}
                        }
                    },
                    {
                        "actions": [],
                        "service": "police",
                        "slots": [],
                        "state": {
                            "active_intent": "NONE",
                            "requested_slots": [],
                            "slot_values": {}
                        }
                    },
                    {
                        "actions": [],
                        "service": "restaurant",
                        "slots": [],
                        "state": {
                            "active_intent": "NONE",
                            "requested_slots": [],
                            "slot_values": {}
                        }
                    },
                    {
                        "actions": [],
                        "service": "attraction",
                        "slots": [],
                        "state": {
                            "active_intent": "NONE",
                            "requested_slots": [],
                            "slot_values": {}
                        }
                    },
                    {
                        "actions": [],
                        "service": "hospital",
                        "slots": [],
                        "state": {
                            "active_intent": "NONE",
                            "requested_slots": [],
                            "slot_values": {}
                        }
                    }
                ],
                "speaker": "USER",
                "turn_id": "0",
                "utterance": "I am looking for a place to stay in the moderate price range. It must include free parking."
            },
            {
                "frames": [],
                "speaker": "SYSTEM",
                "turn_id": "1",
                "utterance": "Is there a specific part of town you would like to stay in?"
            },
            {
                "frames": [
                    {
                        "actions": [],
                        "service": "hotel",
                        "slots": [],
                        "state": {
                            "active_intent": "find_hotel",
                            "requested_slots": [],
                            "slot_values": {
                                "hotel-area": [
                                    "north"
                                ],
                                "hotel-parking": [
                                    "yes"
                                ],
                                "hotel-pricerange": [
                                    "moderate"
                                ],
                                "hotel-stars": [
                                    "2"
                                ]
                            }
                        }
                    },
                    {
                        "actions": [],
                        "service": "taxi",
                        "slots": [],
                        "state": {
                            "active_intent": "NONE",
                            "requested_slots": [],
                            "slot_values": {}
                        }
                    },
                    {
                        "actions": [],
                        "service": "train",
                        "slots": [],
                        "state": {
                            "active_intent": "NONE",
                            "requested_slots": [],
                            "slot_values": {}
                        }
                    },
                    {
                        "actions": [],
                        "service": "bus",
                        "slots": [],
                        "state": {
                            "active_intent": "NONE",
                            "requested_slots": [],
                            "slot_values": {}
                        }
                    },
                    {
                        "actions": [],
                        "service": "police",
                        "slots": [],
                        "state": {
                            "active_intent": "NONE",
                            "requested_slots": [],
                            "slot_values": {}
                        }
                    },
                    {
                        "actions": [],
                        "service": "restaurant",
                        "slots": [],
                        "state": {
                            "active_intent": "NONE",
                            "requested_slots": [],
                            "slot_values": {}
                        }
                    },
                    {
                        "actions": [],
                        "service": "attraction",
                        "slots": [],
                        "state": {
                            "active_intent": "find_attraction",
                            "requested_slots": [],
                            "slot_values": {}
                        }
                    },
                    {
                        "actions": [],
                        "service": "hospital",
                        "slots": [],
                        "state": {
                            "active_intent": "NONE",
                            "requested_slots": [],
                            "slot_values": {}
                        }
                    }
                ],
                "speaker": "USER",
                "turn_id": "2",
                "utterance": "I would prefer to stay in a 2 star hotel in the north."
            },
            {
                "frames": [],
                "speaker": "SYSTEM",
                "turn_id": "3",
                "utterance": "The Ashley hotel is a 2 star hotel in the north with free parking in the moderate price range. I can book this for you."
            },
            {
                "frames": [
                    {
                        "actions": [],
                        "service": "hotel",
                        "slots": [],
                        "state": {
                            "active_intent": "find_hotel",
                            "requested_slots": [
                                "hotel-postcode"
                            ],
                            "slot_values": {
                                "hotel-area": [
                                    "north"
                                ],
                                "hotel-parking": [
                                    "yes"
                                ],
                                "hotel-pricerange": [
                                    "moderate"
                                ],
                                "hotel-stars": [
                                    "2"
                                ]
                            }
                        }
                    },
                    {
                        "actions": [],
                        "service": "taxi",
                        "slots": [],
                        "state": {
                            "active_intent": "NONE",
                            "requested_slots": [],
                            "slot_values": {}
                        }
                    },
                    {
                        "actions": [],
                        "service": "train",
                        "slots": [],
                        "state": {
                            "active_intent": "NONE",
                            "requested_slots": [],
                            "slot_values": {}
                        }
                    },
                    {
                        "actions": [],
                        "service": "bus",
                        "slots": [],
                        "state": {
                            "active_intent": "NONE",
                            "requested_slots": [],
                            "slot_values": {}
                        }
                    },
                    {
                        "actions": [],
                        "service": "police",
                        "slots": [],
                        "state": {
                            "active_intent": "NONE",
                            "requested_slots": [],
                            "slot_values": {}
                        }
                    },
                    {
                        "actions": [],
                        "service": "restaurant",
                        "slots": [],
                        "state": {
                            "active_intent": "NONE",
                            "requested_slots": [],
                            "slot_values": {}
                        }
                    },
                    {
                        "actions": [],
                        "service": "attraction",
                        "slots": [],
                        "state": {
                            "active_intent": "NONE",
                            "requested_slots": [],
                            "slot_values": {}
                        }
                    },
                    {
                        "actions": [],
                        "service": "hospital",
                        "slots": [],
                        "state": {
                            "active_intent": "NONE",
                            "requested_slots": [],
                            "slot_values": {}
                        }
                    }
                ],
                "speaker": "USER",
                "turn_id": "4",
                "utterance": "That would be great! Can you let me know what the post code is? Thank you!"
            },
            {
                "frames": [],
                "speaker": "SYSTEM",
                "turn_id": "5",
                "utterance": "The postcode is cb41er. How long would you like to stay and how many should I book the hotel for?"
            },
            {
                "frames": [
                    {
                        "actions": [],
                        "service": "hotel",
                        "slots": [],
                        "state": {
                            "active_intent": "find_hotel",
                            "requested_slots": [],
                            "slot_values": {
                                "hotel-area": [
                                    "north"
                                ],
                                "hotel-parking": [
                                    "yes"
                                ],
                                "hotel-pricerange": [
                                    "moderate"
                                ],
                                "hotel-stars": [
                                    "2"
                                ]
                            }
                        }
                    },
                    {
                        "actions": [],
                        "service": "attraction",
                        "slots": [],
                        "state": {
                            "active_intent": "find_attraction",
                            "requested_slots": [],
                            "slot_values": {
                                "attraction-area": [
                                    "north"
                                ],
                                "attraction-type": [
                                    "swimmingpool"
                                ]
                            }
                        }
                    },
                    {
                        "actions": [],
                        "service": "train",
                        "slots": [],
                        "state": {
                            "active_intent": "NONE",
                            "requested_slots": [],
                            "slot_values": {}
                        }
                    },
                    {
                        "actions": [],
                        "service": "bus",
                        "slots": [],
                        "state": {
                            "active_intent": "NONE",
                            "requested_slots": [],
                            "slot_values": {}
                        }
                    },
                    {
                        "actions": [],
                        "service": "police",
                        "slots": [],
                        "state": {
                            "active_intent": "NONE",
                            "requested_slots": [],
                            "slot_values": {}
                        }
                    },
                    {
                        "actions": [],
                        "service": "restaurant",
                        "slots": [],
                        "state": {
                            "active_intent": "NONE",
                            "requested_slots": [],
                            "slot_values": {}
                        }
                    },
                    {
                        "actions": [],
                        "service": "taxi",
                        "slots": [],
                        "state": {
                            "active_intent": "NONE",
                            "requested_slots": [],
                            "slot_values": {}
                        }
                    },
                    {
                        "actions": [],
                        "service": "hospital",
                        "slots": [],
                        "state": {
                            "active_intent": "NONE",
                            "requested_slots": [],
                            "slot_values": {}
                        }
                    }
                ],
                "speaker": "USER",
                "turn_id": "6",
                "utterance": "I don't need to book it at this time. Can you help me find a place to visit while I'm in town? I'd like a swimming pool in the North."
            },
            {
                "frames": [],
                "speaker": "SYSTEM",
                "turn_id": "7",
                "utterance": "We list two swimming pools in the north area, jesus green outdoor pool and kings hedges learner pool. Would you like more information on either of those?"
            },
            {
                "frames": [
                    {
                        "actions": [],
                        "service": "hotel",
                        "slots": [],
                        "state": {
                            "active_intent": "NONE",
                            "requested_slots": [],
                            "slot_values": {
                                "hotel-area": [
                                    "north"
                                ],
                                "hotel-parking": [
                                    "yes"
                                ],
                                "hotel-pricerange": [
                                    "moderate"
                                ],
                                "hotel-stars": [
                                    "2"
                                ]
                            }
                        }
                    },
                    {
                        "actions": [],
                        "service": "attraction",
                        "slots": [],
                        "state": {
                            "active_intent": "find_attraction",
                            "requested_slots": [
                                "attraction-postcode",
                                "attraction-phone"
                            ],
                            "slot_values": {
                                "attraction-area": [
                                    "north"
                                ],
                                "attraction-type": [
                                    "swimmingpool"
                                ]
                            }
                        }
                    },
                    {
                        "actions": [],
                        "service": "train",
                        "slots": [],
                        "state": {
                            "active_intent": "NONE",
                            "requested_slots": [],
                            "slot_values": {}
                        }
                    },
                    {
                        "actions": [],
                        "service": "bus",
                        "slots": [],
                        "state": {
                            "active_intent": "NONE",
                            "requested_slots": [],
                            "slot_values": {}
                        }
                    },
                    {
                        "actions": [],
                        "service": "police",
                        "slots": [],
                        "state": {
                            "active_intent": "NONE",
                            "requested_slots": [],
                            "slot_values": {}
                        }
                    },
                    {
                        "actions": [],
                        "service": "restaurant",
                        "slots": [],
                        "state": {
                            "active_intent": "NONE",
                            "requested_slots": [],
                            "slot_values": {}
                        }
                    },
                    {
                        "actions": [],
                        "service": "taxi",
                        "slots": [],
                        "state": {
                            "active_intent": "NONE",
                            "requested_slots": [],
                            "slot_values": {}
                        }
                    },
                    {
                        "actions": [],
                        "service": "hospital",
                        "slots": [],
                        "state": {
                            "active_intent": "NONE",
                            "requested_slots": [],
                            "slot_values": {}
                        }
                    }
                ],
                "speaker": "USER",
                "turn_id": "8",
                "utterance": "Can you give me the phone number and postcode for the Jesus Green pool, please?"
            },
            {
                "frames": [],
                "speaker": "SYSTEM",
                "turn_id": "9",
                "utterance": "Sure, the phone number is 01223302579 and the postcode is cb43px. Can I help with anything else today?"
            },
            {
                "frames": [
                    {
                        "actions": [],
                        "service": "hotel",
                        "slots": [],
                        "state": {
                            "active_intent": "NONE",
                            "requested_slots": [],
                            "slot_values": {
                                "hotel-area": [
                                    "north"
                                ],
                                "hotel-parking": [
                                    "yes"
                                ],
                                "hotel-pricerange": [
                                    "moderate"
                                ],
                                "hotel-stars": [
                                    "2"
                                ]
                            }
                        }
                    },
                    {
                        "actions": [],
                        "service": "attraction",
                        "slots": [],
                        "state": {
                            "active_intent": "NONE",
                            "requested_slots": [],
                            "slot_values": {
                                "attraction-area": [
                                    "north"
                                ],
                                "attraction-type": [
                                    "swimmingpool"
                                ]
                            }
                        }
                    },
                    {
                        "actions": [],
                        "service": "train",
                        "slots": [],
                        "state": {
                            "active_intent": "NONE",
                            "requested_slots": [],
                            "slot_values": {}
                        }
                    },
                    {
                        "actions": [],
                        "service": "bus",
                        "slots": [],
                        "state": {
                            "active_intent": "NONE",
                            "requested_slots": [],
                            "slot_values": {}
                        }
                    },
                    {
                        "actions": [],
                        "service": "police",
                        "slots": [],
                        "state": {
                            "active_intent": "NONE",
                            "requested_slots": [],
                            "slot_values": {}
                        }
                    },
                    {
                        "actions": [],
                        "service": "restaurant",
                        "slots": [],
                        "state": {
                            "active_intent": "NONE",
                            "requested_slots": [],
                            "slot_values": {}
                        }
                    },
                    {
                        "actions": [],
                        "service": "taxi",
                        "slots": [],
                        "state": {
                            "active_intent": "NONE",
                            "requested_slots": [],
                            "slot_values": {}
                        }
                    },
                    {
                        "actions": [],
                        "service": "hospital",
                        "slots": [],
                        "state": {
                            "active_intent": "NONE",
                            "requested_slots": [],
                            "slot_values": {}
                        }
                    }
                ],
                "speaker": "USER",
                "turn_id": "10",
                "utterance": "No that is all thank you."
            },
            {
                "frames": [],
                "speaker": "SYSTEM",
                "turn_id": "11",
                "utterance": "Thank you, goodbye."
            }
        ],
        "filename": "dialogues_006"
    }
]