{
    "CLINC-Single-Domain-OOS-banking--train--1": {
        "original dialog id": "",
        "dialog index": 1,
        "original dialog info": {
            "task": "Intent Detection. The system response is the corresponding intent."
        },
        "log": {
            "turn id": 1,
            "user utterance": "may i get all of the food transactions that were made last month",
            "system response": "transactions",
            "dialog history": "",
            "original user side information": {},
            "original system side information": {},
            "external knowledge": ""
        }
    },
    "CLINC-Single-Domain-OOS-banking--train--2": {
        "original dialog id": "",
        "dialog index": 2,
        "original dialog info": {
            "task": "Intent Detection. The system response is the corresponding intent."
        },
        "log": {
            "turn id": 1,
            "user utterance": "looking at january, show all wine purchases",
            "system response": "transactions",
            "dialog history": "",
            "original user side information": {},
            "original system side information": {},
            "external knowledge": ""
        }
    },
    "CLINC-Single-Domain-OOS-banking--train--3": {
        "original dialog id": "",
        "dialog index": 3,
        "original dialog info": {
            "task": "Intent Detection. The system response is the corresponding intent."
        },
        "log": {
            "turn id": 1,
            "user utterance": "what was my last transaction",
            "system response": "transactions",
            "dialog history": "",
            "original user side information": {},
            "original system side information": {},
            "external knowledge": ""
        }
    },
    "CLINC-Single-Domain-OOS-banking--train--4": {
        "original dialog id": "",
        "dialog index": 4,
        "original dialog info": {
            "task": "Intent Detection. The system response is the corresponding intent."
        },
        "log": {
            "turn id": 1,
            "user utterance": "can you let me know my latest transactions",
            "system response": "transactions",
            "dialog history": "",
            "original user side information": {},
            "original system side information": {},
            "external knowledge": ""
        }
    },
    "CLINC-Single-Domain-OOS-banking--train--5": {
        "original dialog id": "",
        "dialog index": 5,
        "original dialog info": {
            "task": "Intent Detection. The system response is the corresponding intent."
        },
        "log": {
            "turn id": 1,
            "user utterance": "show me my transactions on mcdonalds",
            "system response": "transactions",
            "dialog history": "",
            "original user side information": {},
            "original system side information": {},
            "external knowledge": ""
        }
    }
}