{
    "MTOP--train--1": {
        "original dialog id": "",
        "dialog index": 1,
        "original dialog info": {
            "input": "Has Angelika Kratzer video messaged me ?",
            "structure": "IN:GET: MESSAGE, WEATHER, ALARM, INFO_RECIPES, STORIES_NEWS, REMINDER, RECIPES, EVENT, CALL_TIME, LIFE_EVENT, INFO_CONTACT, CONTACT, TIMER, REMINDER_DATE_TIME, AGE, SUNRISE, EMPLOYER, EDUCATION_TIME, JOB, AVAILABILITY, CATEGORY_EVENT, CALL, EMPLOYMENT_TIME, CALL_CONTACT, LOCATION, TRACK_INFO_MUSIC, SUNSET, MUTUAL_FRIENDS, UNDERGRAD, REMINDER_LOCATION, ATTENDEE_EVENT, MESSAGE_CONTACT, REMINDER_AMOUNT, DATE_TIME_EVENT, DETAILS_NEWS, EDUCATION_DEGREE, MAJOR, CONTACT_METHOD, LIFE_EVENT_TIME, LYRICS_MUSIC, AIRQUALITY, LANGUAGE, GENDER, GROUP | IN:SEND: MESSAGE | IN:SET: UNAVAILABLE, RSVP_YES, AVAILABLE, DEFAULT_PROVIDER_MUSIC, RSVP_INTERESTED, DEFAULT_PROVIDER_CALLING, RSVP_NO | IN:DELETE: REMINDER, ALARM, TIMER, PLAYLIST_MUSIC | IN:CREATE: ALARM, REMINDER, CALL, PLAYLIST_MUSIC, TIMER | IN:QUESTION: NEWS, MUSIC | IN:PLAY: MUSIC, MEDIA | IN:END: CALL | IN:IGNORE: CALL | IN:UPDATE: CALL, REMINDER_DATE_TIME, REMINDER_TODO, TIMER, METHOD_CALL, ALARM, REMINDER_LOCATION, REMINDER | IN:PAUSE: MUSIC, TIMER | IN:ANSWER: CALL | IN:SNOOZE: ALARM | IN:IS: TRUE_RECIPES | IN:REMOVE: FROM_PLAYLIST_MUSIC | IN:ADD: TIME_TIMER, TO_PLAYLIST_MUSIC | IN:SHARE: EVENT | IN:PREFER:  | IN:START: SHUFFLE_MUSIC | IN:SILENCE: ALARM | IN:SWITCH: CALL | IN:SUBTRACT: TIME_TIMER | IN:PREVIOUS: TRACK_MUSIC | IN:HOLD: CALL | IN:SKIP: TRACK_MUSIC | IN:LIKE: MUSIC | IN:RESTART: TIMER | IN:RESUME: TIMER, CALL, MUSIC | IN:MERGE: CALL | IN:REPLAY: MUSIC | IN:LOOP: MUSIC | IN:STOP: MUSIC, SHUFFLE_MUSIC | IN:UNLOOP: MUSIC | IN:CANCEL: MESSAGE, CALL | IN:REWIND: MUSIC | IN:REPEAT: ALL_MUSIC, ALL_OFF_MUSIC | IN:FAST: FORWARD_MUSIC | IN:DISLIKE: MUSIC | IN:DISPREFER:  | IN:HELP: REMINDER | IN:FOLLOW: MUSIC",
            "target": "[IN:GET_MESSAGE [SL:CONTACT Angelika Kratzer ] [SL:TYPE_CONTENT video ] [SL:RECIPIENT me ] ]"
        },
        "log": {
            "turn id": 1,
            "user utterance": "Has Angelika Kratzer video messaged me ?",
            "system response": "[IN:GET_MESSAGE [SL:CONTACT Angelika Kratzer ] [SL:TYPE_CONTENT video ] [SL:RECIPIENT me ] ]",
            "dialog history": "",
            "original user side information": {},
            "original system side information": {},
            "external knowledge": "IN:GET: MESSAGE, WEATHER, ALARM, INFO_RECIPES, STORIES_NEWS, REMINDER, RECIPES, EVENT, CALL_TIME, LIFE_EVENT, INFO_CONTACT, CONTACT, TIMER, REMINDER_DATE_TIME, AGE, SUNRISE, EMPLOYER, EDUCATION_TIME, JOB, AVAILABILITY, CATEGORY_EVENT, CALL, EMPLOYMENT_TIME, CALL_CONTACT, LOCATION, TRACK_INFO_MUSIC, SUNSET, MUTUAL_FRIENDS, UNDERGRAD, REMINDER_LOCATION, ATTENDEE_EVENT, MESSAGE_CONTACT, REMINDER_AMOUNT, DATE_TIME_EVENT, DETAILS_NEWS, EDUCATION_DEGREE, MAJOR, CONTACT_METHOD, LIFE_EVENT_TIME, LYRICS_MUSIC, AIRQUALITY, LANGUAGE, GENDER, GROUP | IN:SEND: MESSAGE | IN:SET: UNAVAILABLE, RSVP_YES, AVAILABLE, DEFAULT_PROVIDER_MUSIC, RSVP_INTERESTED, DEFAULT_PROVIDER_CALLING, RSVP_NO | IN:DELETE: REMINDER, ALARM, TIMER, PLAYLIST_MUSIC | IN:CREATE: ALARM, REMINDER, CALL, PLAYLIST_MUSIC, TIMER | IN:QUESTION: NEWS, MUSIC | IN:PLAY: MUSIC, MEDIA | IN:END: CALL | IN:IGNORE: CALL | IN:UPDATE: CALL, REMINDER_DATE_TIME, REMINDER_TODO, TIMER, METHOD_CALL, ALARM, REMINDER_LOCATION, REMINDER | IN:PAUSE: MUSIC, TIMER | IN:ANSWER: CALL | IN:SNOOZE: ALARM | IN:IS: TRUE_RECIPES | IN:REMOVE: FROM_PLAYLIST_MUSIC | IN:ADD: TIME_TIMER, TO_PLAYLIST_MUSIC | IN:SHARE: EVENT | IN:PREFER:  | IN:START: SHUFFLE_MUSIC | IN:SILENCE: ALARM | IN:SWITCH: CALL | IN:SUBTRACT: TIME_TIMER | IN:PREVIOUS: TRACK_MUSIC | IN:HOLD: CALL | IN:SKIP: TRACK_MUSIC | IN:LIKE: MUSIC | IN:RESTART: TIMER | IN:RESUME: TIMER, CALL, MUSIC | IN:MERGE: CALL | IN:REPLAY: MUSIC | IN:LOOP: MUSIC | IN:STOP: MUSIC, SHUFFLE_MUSIC | IN:UNLOOP: MUSIC | IN:CANCEL: MESSAGE, CALL | IN:REWIND: MUSIC | IN:REPEAT: ALL_MUSIC, ALL_OFF_MUSIC | IN:FAST: FORWARD_MUSIC | IN:DISLIKE: MUSIC | IN:DISPREFER:  | IN:HELP: REMINDER | IN:FOLLOW: MUSIC"
        }
    },
    "MTOP--train--2": {
        "original dialog id": "",
        "dialog index": 2,
        "original dialog info": {
            "input": "Maricopa County weather forecast for this week",
            "structure": "IN:GET: MESSAGE, WEATHER, ALARM, INFO_RECIPES, STORIES_NEWS, REMINDER, RECIPES, EVENT, CALL_TIME, LIFE_EVENT, INFO_CONTACT, CONTACT, TIMER, REMINDER_DATE_TIME, AGE, SUNRISE, EMPLOYER, EDUCATION_TIME, JOB, AVAILABILITY, CATEGORY_EVENT, CALL, EMPLOYMENT_TIME, CALL_CONTACT, LOCATION, TRACK_INFO_MUSIC, SUNSET, MUTUAL_FRIENDS, UNDERGRAD, REMINDER_LOCATION, ATTENDEE_EVENT, MESSAGE_CONTACT, REMINDER_AMOUNT, DATE_TIME_EVENT, DETAILS_NEWS, EDUCATION_DEGREE, MAJOR, CONTACT_METHOD, LIFE_EVENT_TIME, LYRICS_MUSIC, AIRQUALITY, LANGUAGE, GENDER, GROUP | IN:SEND: MESSAGE | IN:SET: UNAVAILABLE, RSVP_YES, AVAILABLE, DEFAULT_PROVIDER_MUSIC, RSVP_INTERESTED, DEFAULT_PROVIDER_CALLING, RSVP_NO | IN:DELETE: REMINDER, ALARM, TIMER, PLAYLIST_MUSIC | IN:CREATE: ALARM, REMINDER, CALL, PLAYLIST_MUSIC, TIMER | IN:QUESTION: NEWS, MUSIC | IN:PLAY: MUSIC, MEDIA | IN:END: CALL | IN:IGNORE: CALL | IN:UPDATE: CALL, REMINDER_DATE_TIME, REMINDER_TODO, TIMER, METHOD_CALL, ALARM, REMINDER_LOCATION, REMINDER | IN:PAUSE: MUSIC, TIMER | IN:ANSWER: CALL | IN:SNOOZE: ALARM | IN:IS: TRUE_RECIPES | IN:REMOVE: FROM_PLAYLIST_MUSIC | IN:ADD: TIME_TIMER, TO_PLAYLIST_MUSIC | IN:SHARE: EVENT | IN:PREFER:  | IN:START: SHUFFLE_MUSIC | IN:SILENCE: ALARM | IN:SWITCH: CALL | IN:SUBTRACT: TIME_TIMER | IN:PREVIOUS: TRACK_MUSIC | IN:HOLD: CALL | IN:SKIP: TRACK_MUSIC | IN:LIKE: MUSIC | IN:RESTART: TIMER | IN:RESUME: TIMER, CALL, MUSIC | IN:MERGE: CALL | IN:REPLAY: MUSIC | IN:LOOP: MUSIC | IN:STOP: MUSIC, SHUFFLE_MUSIC | IN:UNLOOP: MUSIC | IN:CANCEL: MESSAGE, CALL | IN:REWIND: MUSIC | IN:REPEAT: ALL_MUSIC, ALL_OFF_MUSIC | IN:FAST: FORWARD_MUSIC | IN:DISLIKE: MUSIC | IN:DISPREFER:  | IN:HELP: REMINDER | IN:FOLLOW: MUSIC",
            "target": "[IN:GET_WEATHER [SL:LOCATION Maricopa County ] [SL:DATE_TIME for this week ] ]"
        },
        "log": {
            "turn id": 1,
            "user utterance": "Maricopa County weather forecast for this week",
            "system response": "[IN:GET_WEATHER [SL:LOCATION Maricopa County ] [SL:DATE_TIME for this week ] ]",
            "dialog history": "",
            "original user side information": {},
            "original system side information": {},
            "external knowledge": "IN:GET: MESSAGE, WEATHER, ALARM, INFO_RECIPES, STORIES_NEWS, REMINDER, RECIPES, EVENT, CALL_TIME, LIFE_EVENT, INFO_CONTACT, CONTACT, TIMER, REMINDER_DATE_TIME, AGE, SUNRISE, EMPLOYER, EDUCATION_TIME, JOB, AVAILABILITY, CATEGORY_EVENT, CALL, EMPLOYMENT_TIME, CALL_CONTACT, LOCATION, TRACK_INFO_MUSIC, SUNSET, MUTUAL_FRIENDS, UNDERGRAD, REMINDER_LOCATION, ATTENDEE_EVENT, MESSAGE_CONTACT, REMINDER_AMOUNT, DATE_TIME_EVENT, DETAILS_NEWS, EDUCATION_DEGREE, MAJOR, CONTACT_METHOD, LIFE_EVENT_TIME, LYRICS_MUSIC, AIRQUALITY, LANGUAGE, GENDER, GROUP | IN:SEND: MESSAGE | IN:SET: UNAVAILABLE, RSVP_YES, AVAILABLE, DEFAULT_PROVIDER_MUSIC, RSVP_INTERESTED, DEFAULT_PROVIDER_CALLING, RSVP_NO | IN:DELETE: REMINDER, ALARM, TIMER, PLAYLIST_MUSIC | IN:CREATE: ALARM, REMINDER, CALL, PLAYLIST_MUSIC, TIMER | IN:QUESTION: NEWS, MUSIC | IN:PLAY: MUSIC, MEDIA | IN:END: CALL | IN:IGNORE: CALL | IN:UPDATE: CALL, REMINDER_DATE_TIME, REMINDER_TODO, TIMER, METHOD_CALL, ALARM, REMINDER_LOCATION, REMINDER | IN:PAUSE: MUSIC, TIMER | IN:ANSWER: CALL | IN:SNOOZE: ALARM | IN:IS: TRUE_RECIPES | IN:REMOVE: FROM_PLAYLIST_MUSIC | IN:ADD: TIME_TIMER, TO_PLAYLIST_MUSIC | IN:SHARE: EVENT | IN:PREFER:  | IN:START: SHUFFLE_MUSIC | IN:SILENCE: ALARM | IN:SWITCH: CALL | IN:SUBTRACT: TIME_TIMER | IN:PREVIOUS: TRACK_MUSIC | IN:HOLD: CALL | IN:SKIP: TRACK_MUSIC | IN:LIKE: MUSIC | IN:RESTART: TIMER | IN:RESUME: TIMER, CALL, MUSIC | IN:MERGE: CALL | IN:REPLAY: MUSIC | IN:LOOP: MUSIC | IN:STOP: MUSIC, SHUFFLE_MUSIC | IN:UNLOOP: MUSIC | IN:CANCEL: MESSAGE, CALL | IN:REWIND: MUSIC | IN:REPEAT: ALL_MUSIC, ALL_OFF_MUSIC | IN:FAST: FORWARD_MUSIC | IN:DISLIKE: MUSIC | IN:DISPREFER:  | IN:HELP: REMINDER | IN:FOLLOW: MUSIC"
        }
    },
    "MTOP--train--3": {
        "original dialog id": "",
        "dialog index": 3,
        "original dialog info": {
            "input": "When will my next alarm start",
            "structure": "IN:GET: MESSAGE, WEATHER, ALARM, INFO_RECIPES, STORIES_NEWS, REMINDER, RECIPES, EVENT, CALL_TIME, LIFE_EVENT, INFO_CONTACT, CONTACT, TIMER, REMINDER_DATE_TIME, AGE, SUNRISE, EMPLOYER, EDUCATION_TIME, JOB, AVAILABILITY, CATEGORY_EVENT, CALL, EMPLOYMENT_TIME, CALL_CONTACT, LOCATION, TRACK_INFO_MUSIC, SUNSET, MUTUAL_FRIENDS, UNDERGRAD, REMINDER_LOCATION, ATTENDEE_EVENT, MESSAGE_CONTACT, REMINDER_AMOUNT, DATE_TIME_EVENT, DETAILS_NEWS, EDUCATION_DEGREE, MAJOR, CONTACT_METHOD, LIFE_EVENT_TIME, LYRICS_MUSIC, AIRQUALITY, LANGUAGE, GENDER, GROUP | IN:SEND: MESSAGE | IN:SET: UNAVAILABLE, RSVP_YES, AVAILABLE, DEFAULT_PROVIDER_MUSIC, RSVP_INTERESTED, DEFAULT_PROVIDER_CALLING, RSVP_NO | IN:DELETE: REMINDER, ALARM, TIMER, PLAYLIST_MUSIC | IN:CREATE: ALARM, REMINDER, CALL, PLAYLIST_MUSIC, TIMER | IN:QUESTION: NEWS, MUSIC | IN:PLAY: MUSIC, MEDIA | IN:END: CALL | IN:IGNORE: CALL | IN:UPDATE: CALL, REMINDER_DATE_TIME, REMINDER_TODO, TIMER, METHOD_CALL, ALARM, REMINDER_LOCATION, REMINDER | IN:PAUSE: MUSIC, TIMER | IN:ANSWER: CALL | IN:SNOOZE: ALARM | IN:IS: TRUE_RECIPES | IN:REMOVE: FROM_PLAYLIST_MUSIC | IN:ADD: TIME_TIMER, TO_PLAYLIST_MUSIC | IN:SHARE: EVENT | IN:PREFER:  | IN:START: SHUFFLE_MUSIC | IN:SILENCE: ALARM | IN:SWITCH: CALL | IN:SUBTRACT: TIME_TIMER | IN:PREVIOUS: TRACK_MUSIC | IN:HOLD: CALL | IN:SKIP: TRACK_MUSIC | IN:LIKE: MUSIC | IN:RESTART: TIMER | IN:RESUME: TIMER, CALL, MUSIC | IN:MERGE: CALL | IN:REPLAY: MUSIC | IN:LOOP: MUSIC | IN:STOP: MUSIC, SHUFFLE_MUSIC | IN:UNLOOP: MUSIC | IN:CANCEL: MESSAGE, CALL | IN:REWIND: MUSIC | IN:REPEAT: ALL_MUSIC, ALL_OFF_MUSIC | IN:FAST: FORWARD_MUSIC | IN:DISLIKE: MUSIC | IN:DISPREFER:  | IN:HELP: REMINDER | IN:FOLLOW: MUSIC",
            "target": "[IN:GET_ALARM [SL:ORDINAL next ] ]"
        },
        "log": {
            "turn id": 1,
            "user utterance": "When will my next alarm start",
            "system response": "[IN:GET_ALARM [SL:ORDINAL next ] ]",
            "dialog history": "",
            "original user side information": {},
            "original system side information": {},
            "external knowledge": "IN:GET: MESSAGE, WEATHER, ALARM, INFO_RECIPES, STORIES_NEWS, REMINDER, RECIPES, EVENT, CALL_TIME, LIFE_EVENT, INFO_CONTACT, CONTACT, TIMER, REMINDER_DATE_TIME, AGE, SUNRISE, EMPLOYER, EDUCATION_TIME, JOB, AVAILABILITY, CATEGORY_EVENT, CALL, EMPLOYMENT_TIME, CALL_CONTACT, LOCATION, TRACK_INFO_MUSIC, SUNSET, MUTUAL_FRIENDS, UNDERGRAD, REMINDER_LOCATION, ATTENDEE_EVENT, MESSAGE_CONTACT, REMINDER_AMOUNT, DATE_TIME_EVENT, DETAILS_NEWS, EDUCATION_DEGREE, MAJOR, CONTACT_METHOD, LIFE_EVENT_TIME, LYRICS_MUSIC, AIRQUALITY, LANGUAGE, GENDER, GROUP | IN:SEND: MESSAGE | IN:SET: UNAVAILABLE, RSVP_YES, AVAILABLE, DEFAULT_PROVIDER_MUSIC, RSVP_INTERESTED, DEFAULT_PROVIDER_CALLING, RSVP_NO | IN:DELETE: REMINDER, ALARM, TIMER, PLAYLIST_MUSIC | IN:CREATE: ALARM, REMINDER, CALL, PLAYLIST_MUSIC, TIMER | IN:QUESTION: NEWS, MUSIC | IN:PLAY: MUSIC, MEDIA | IN:END: CALL | IN:IGNORE: CALL | IN:UPDATE: CALL, REMINDER_DATE_TIME, REMINDER_TODO, TIMER, METHOD_CALL, ALARM, REMINDER_LOCATION, REMINDER | IN:PAUSE: MUSIC, TIMER | IN:ANSWER: CALL | IN:SNOOZE: ALARM | IN:IS: TRUE_RECIPES | IN:REMOVE: FROM_PLAYLIST_MUSIC | IN:ADD: TIME_TIMER, TO_PLAYLIST_MUSIC | IN:SHARE: EVENT | IN:PREFER:  | IN:START: SHUFFLE_MUSIC | IN:SILENCE: ALARM | IN:SWITCH: CALL | IN:SUBTRACT: TIME_TIMER | IN:PREVIOUS: TRACK_MUSIC | IN:HOLD: CALL | IN:SKIP: TRACK_MUSIC | IN:LIKE: MUSIC | IN:RESTART: TIMER | IN:RESUME: TIMER, CALL, MUSIC | IN:MERGE: CALL | IN:REPLAY: MUSIC | IN:LOOP: MUSIC | IN:STOP: MUSIC, SHUFFLE_MUSIC | IN:UNLOOP: MUSIC | IN:CANCEL: MESSAGE, CALL | IN:REWIND: MUSIC | IN:REPEAT: ALL_MUSIC, ALL_OFF_MUSIC | IN:FAST: FORWARD_MUSIC | IN:DISLIKE: MUSIC | IN:DISPREFER:  | IN:HELP: REMINDER | IN:FOLLOW: MUSIC"
        }
    },
    "MTOP--train--4": {
        "original dialog id": "",
        "dialog index": 4,
        "original dialog info": {
            "input": "text Matthew and Helen that are you free",
            "structure": "IN:GET: MESSAGE, WEATHER, ALARM, INFO_RECIPES, STORIES_NEWS, REMINDER, RECIPES, EVENT, CALL_TIME, LIFE_EVENT, INFO_CONTACT, CONTACT, TIMER, REMINDER_DATE_TIME, AGE, SUNRISE, EMPLOYER, EDUCATION_TIME, JOB, AVAILABILITY, CATEGORY_EVENT, CALL, EMPLOYMENT_TIME, CALL_CONTACT, LOCATION, TRACK_INFO_MUSIC, SUNSET, MUTUAL_FRIENDS, UNDERGRAD, REMINDER_LOCATION, ATTENDEE_EVENT, MESSAGE_CONTACT, REMINDER_AMOUNT, DATE_TIME_EVENT, DETAILS_NEWS, EDUCATION_DEGREE, MAJOR, CONTACT_METHOD, LIFE_EVENT_TIME, LYRICS_MUSIC, AIRQUALITY, LANGUAGE, GENDER, GROUP | IN:SEND: MESSAGE | IN:SET: UNAVAILABLE, RSVP_YES, AVAILABLE, DEFAULT_PROVIDER_MUSIC, RSVP_INTERESTED, DEFAULT_PROVIDER_CALLING, RSVP_NO | IN:DELETE: REMINDER, ALARM, TIMER, PLAYLIST_MUSIC | IN:CREATE: ALARM, REMINDER, CALL, PLAYLIST_MUSIC, TIMER | IN:QUESTION: NEWS, MUSIC | IN:PLAY: MUSIC, MEDIA | IN:END: CALL | IN:IGNORE: CALL | IN:UPDATE: CALL, REMINDER_DATE_TIME, REMINDER_TODO, TIMER, METHOD_CALL, ALARM, REMINDER_LOCATION, REMINDER | IN:PAUSE: MUSIC, TIMER | IN:ANSWER: CALL | IN:SNOOZE: ALARM | IN:IS: TRUE_RECIPES | IN:REMOVE: FROM_PLAYLIST_MUSIC | IN:ADD: TIME_TIMER, TO_PLAYLIST_MUSIC | IN:SHARE: EVENT | IN:PREFER:  | IN:START: SHUFFLE_MUSIC | IN:SILENCE: ALARM | IN:SWITCH: CALL | IN:SUBTRACT: TIME_TIMER | IN:PREVIOUS: TRACK_MUSIC | IN:HOLD: CALL | IN:SKIP: TRACK_MUSIC | IN:LIKE: MUSIC | IN:RESTART: TIMER | IN:RESUME: TIMER, CALL, MUSIC | IN:MERGE: CALL | IN:REPLAY: MUSIC | IN:LOOP: MUSIC | IN:STOP: MUSIC, SHUFFLE_MUSIC | IN:UNLOOP: MUSIC | IN:CANCEL: MESSAGE, CALL | IN:REWIND: MUSIC | IN:REPEAT: ALL_MUSIC, ALL_OFF_MUSIC | IN:FAST: FORWARD_MUSIC | IN:DISLIKE: MUSIC | IN:DISPREFER:  | IN:HELP: REMINDER | IN:FOLLOW: MUSIC",
            "target": "[IN:SEND_MESSAGE [SL:RECIPIENT Matthew ] [SL:RECIPIENT Helen ] [SL:CONTENT_EXACT are you free ] ]"
        },
        "log": {
            "turn id": 1,
            "user utterance": "text Matthew and Helen that are you free",
            "system response": "[IN:SEND_MESSAGE [SL:RECIPIENT Matthew ] [SL:RECIPIENT Helen ] [SL:CONTENT_EXACT are you free ] ]",
            "dialog history": "",
            "original user side information": {},
            "original system side information": {},
            "external knowledge": "IN:GET: MESSAGE, WEATHER, ALARM, INFO_RECIPES, STORIES_NEWS, REMINDER, RECIPES, EVENT, CALL_TIME, LIFE_EVENT, INFO_CONTACT, CONTACT, TIMER, REMINDER_DATE_TIME, AGE, SUNRISE, EMPLOYER, EDUCATION_TIME, JOB, AVAILABILITY, CATEGORY_EVENT, CALL, EMPLOYMENT_TIME, CALL_CONTACT, LOCATION, TRACK_INFO_MUSIC, SUNSET, MUTUAL_FRIENDS, UNDERGRAD, REMINDER_LOCATION, ATTENDEE_EVENT, MESSAGE_CONTACT, REMINDER_AMOUNT, DATE_TIME_EVENT, DETAILS_NEWS, EDUCATION_DEGREE, MAJOR, CONTACT_METHOD, LIFE_EVENT_TIME, LYRICS_MUSIC, AIRQUALITY, LANGUAGE, GENDER, GROUP | IN:SEND: MESSAGE | IN:SET: UNAVAILABLE, RSVP_YES, AVAILABLE, DEFAULT_PROVIDER_MUSIC, RSVP_INTERESTED, DEFAULT_PROVIDER_CALLING, RSVP_NO | IN:DELETE: REMINDER, ALARM, TIMER, PLAYLIST_MUSIC | IN:CREATE: ALARM, REMINDER, CALL, PLAYLIST_MUSIC, TIMER | IN:QUESTION: NEWS, MUSIC | IN:PLAY: MUSIC, MEDIA | IN:END: CALL | IN:IGNORE: CALL | IN:UPDATE: CALL, REMINDER_DATE_TIME, REMINDER_TODO, TIMER, METHOD_CALL, ALARM, REMINDER_LOCATION, REMINDER | IN:PAUSE: MUSIC, TIMER | IN:ANSWER: CALL | IN:SNOOZE: ALARM | IN:IS: TRUE_RECIPES | IN:REMOVE: FROM_PLAYLIST_MUSIC | IN:ADD: TIME_TIMER, TO_PLAYLIST_MUSIC | IN:SHARE: EVENT | IN:PREFER:  | IN:START: SHUFFLE_MUSIC | IN:SILENCE: ALARM | IN:SWITCH: CALL | IN:SUBTRACT: TIME_TIMER | IN:PREVIOUS: TRACK_MUSIC | IN:HOLD: CALL | IN:SKIP: TRACK_MUSIC | IN:LIKE: MUSIC | IN:RESTART: TIMER | IN:RESUME: TIMER, CALL, MUSIC | IN:MERGE: CALL | IN:REPLAY: MUSIC | IN:LOOP: MUSIC | IN:STOP: MUSIC, SHUFFLE_MUSIC | IN:UNLOOP: MUSIC | IN:CANCEL: MESSAGE, CALL | IN:REWIND: MUSIC | IN:REPEAT: ALL_MUSIC, ALL_OFF_MUSIC | IN:FAST: FORWARD_MUSIC | IN:DISLIKE: MUSIC | IN:DISPREFER:  | IN:HELP: REMINDER | IN:FOLLOW: MUSIC"
        }
    },
    "MTOP--train--5": {
        "original dialog id": "",
        "dialog index": 5,
        "original dialog info": {
            "input": "what ingredients do is have left",
            "structure": "IN:GET: MESSAGE, WEATHER, ALARM, INFO_RECIPES, STORIES_NEWS, REMINDER, RECIPES, EVENT, CALL_TIME, LIFE_EVENT, INFO_CONTACT, CONTACT, TIMER, REMINDER_DATE_TIME, AGE, SUNRISE, EMPLOYER, EDUCATION_TIME, JOB, AVAILABILITY, CATEGORY_EVENT, CALL, EMPLOYMENT_TIME, CALL_CONTACT, LOCATION, TRACK_INFO_MUSIC, SUNSET, MUTUAL_FRIENDS, UNDERGRAD, REMINDER_LOCATION, ATTENDEE_EVENT, MESSAGE_CONTACT, REMINDER_AMOUNT, DATE_TIME_EVENT, DETAILS_NEWS, EDUCATION_DEGREE, MAJOR, CONTACT_METHOD, LIFE_EVENT_TIME, LYRICS_MUSIC, AIRQUALITY, LANGUAGE, GENDER, GROUP | IN:SEND: MESSAGE | IN:SET: UNAVAILABLE, RSVP_YES, AVAILABLE, DEFAULT_PROVIDER_MUSIC, RSVP_INTERESTED, DEFAULT_PROVIDER_CALLING, RSVP_NO | IN:DELETE: REMINDER, ALARM, TIMER, PLAYLIST_MUSIC | IN:CREATE: ALARM, REMINDER, CALL, PLAYLIST_MUSIC, TIMER | IN:QUESTION: NEWS, MUSIC | IN:PLAY: MUSIC, MEDIA | IN:END: CALL | IN:IGNORE: CALL | IN:UPDATE: CALL, REMINDER_DATE_TIME, REMINDER_TODO, TIMER, METHOD_CALL, ALARM, REMINDER_LOCATION, REMINDER | IN:PAUSE: MUSIC, TIMER | IN:ANSWER: CALL | IN:SNOOZE: ALARM | IN:IS: TRUE_RECIPES | IN:REMOVE: FROM_PLAYLIST_MUSIC | IN:ADD: TIME_TIMER, TO_PLAYLIST_MUSIC | IN:SHARE: EVENT | IN:PREFER:  | IN:START: SHUFFLE_MUSIC | IN:SILENCE: ALARM | IN:SWITCH: CALL | IN:SUBTRACT: TIME_TIMER | IN:PREVIOUS: TRACK_MUSIC | IN:HOLD: CALL | IN:SKIP: TRACK_MUSIC | IN:LIKE: MUSIC | IN:RESTART: TIMER | IN:RESUME: TIMER, CALL, MUSIC | IN:MERGE: CALL | IN:REPLAY: MUSIC | IN:LOOP: MUSIC | IN:STOP: MUSIC, SHUFFLE_MUSIC | IN:UNLOOP: MUSIC | IN:CANCEL: MESSAGE, CALL | IN:REWIND: MUSIC | IN:REPEAT: ALL_MUSIC, ALL_OFF_MUSIC | IN:FAST: FORWARD_MUSIC | IN:DISLIKE: MUSIC | IN:DISPREFER:  | IN:HELP: REMINDER | IN:FOLLOW: MUSIC",
            "target": "[IN:GET_INFO_RECIPES [SL:RECIPES_ATTRIBUTE ingredients ] ]"
        },
        "log": {
            "turn id": 1,
            "user utterance": "what ingredients do is have left",
            "system response": "[IN:GET_INFO_RECIPES [SL:RECIPES_ATTRIBUTE ingredients ] ]",
            "dialog history": "",
            "original user side information": {},
            "original system side information": {},
            "external knowledge": "IN:GET: MESSAGE, WEATHER, ALARM, INFO_RECIPES, STORIES_NEWS, REMINDER, RECIPES, EVENT, CALL_TIME, LIFE_EVENT, INFO_CONTACT, CONTACT, TIMER, REMINDER_DATE_TIME, AGE, SUNRISE, EMPLOYER, EDUCATION_TIME, JOB, AVAILABILITY, CATEGORY_EVENT, CALL, EMPLOYMENT_TIME, CALL_CONTACT, LOCATION, TRACK_INFO_MUSIC, SUNSET, MUTUAL_FRIENDS, UNDERGRAD, REMINDER_LOCATION, ATTENDEE_EVENT, MESSAGE_CONTACT, REMINDER_AMOUNT, DATE_TIME_EVENT, DETAILS_NEWS, EDUCATION_DEGREE, MAJOR, CONTACT_METHOD, LIFE_EVENT_TIME, LYRICS_MUSIC, AIRQUALITY, LANGUAGE, GENDER, GROUP | IN:SEND: MESSAGE | IN:SET: UNAVAILABLE, RSVP_YES, AVAILABLE, DEFAULT_PROVIDER_MUSIC, RSVP_INTERESTED, DEFAULT_PROVIDER_CALLING, RSVP_NO | IN:DELETE: REMINDER, ALARM, TIMER, PLAYLIST_MUSIC | IN:CREATE: ALARM, REMINDER, CALL, PLAYLIST_MUSIC, TIMER | IN:QUESTION: NEWS, MUSIC | IN:PLAY: MUSIC, MEDIA | IN:END: CALL | IN:IGNORE: CALL | IN:UPDATE: CALL, REMINDER_DATE_TIME, REMINDER_TODO, TIMER, METHOD_CALL, ALARM, REMINDER_LOCATION, REMINDER | IN:PAUSE: MUSIC, TIMER | IN:ANSWER: CALL | IN:SNOOZE: ALARM | IN:IS: TRUE_RECIPES | IN:REMOVE: FROM_PLAYLIST_MUSIC | IN:ADD: TIME_TIMER, TO_PLAYLIST_MUSIC | IN:SHARE: EVENT | IN:PREFER:  | IN:START: SHUFFLE_MUSIC | IN:SILENCE: ALARM | IN:SWITCH: CALL | IN:SUBTRACT: TIME_TIMER | IN:PREVIOUS: TRACK_MUSIC | IN:HOLD: CALL | IN:SKIP: TRACK_MUSIC | IN:LIKE: MUSIC | IN:RESTART: TIMER | IN:RESUME: TIMER, CALL, MUSIC | IN:MERGE: CALL | IN:REPLAY: MUSIC | IN:LOOP: MUSIC | IN:STOP: MUSIC, SHUFFLE_MUSIC | IN:UNLOOP: MUSIC | IN:CANCEL: MESSAGE, CALL | IN:REWIND: MUSIC | IN:REPEAT: ALL_MUSIC, ALL_OFF_MUSIC | IN:FAST: FORWARD_MUSIC | IN:DISLIKE: MUSIC | IN:DISPREFER:  | IN:HELP: REMINDER | IN:FOLLOW: MUSIC"
        }
    }
}