[
    {
        "input": "Has Angelika Kratzer video messaged me ?",
        "structure": "IN:GET: MESSAGE, WEATHER, ALARM, INFO_RECIPES, STORIES_NEWS, REMINDER, RECIPES, EVENT, CALL_TIME, LIFE_EVENT, INFO_CONTACT, CONTACT, TIMER, REMINDER_DATE_TIME, AGE, SUNRISE, EMPLOYER, EDUCATION_TIME, JOB, AVAILABILITY, CATEGORY_EVENT, CALL, EMPLOYMENT_TIME, CALL_CONTACT, LOCATION, TRACK_INFO_MUSIC, SUNSET, MUTUAL_FRIENDS, UNDERGRAD, REMINDER_LOCATION, ATTENDEE_EVENT, MESSAGE_CONTACT, REMINDER_AMOUNT, DATE_TIME_EVENT, DETAILS_NEWS, EDUCATION_DEGREE, MAJOR, CONTACT_METHOD, LIFE_EVENT_TIME, LYRICS_MUSIC, AIRQUALITY, LANGUAGE, GENDER, GROUP | IN:SEND: MESSAGE | IN:SET: UNAVAILABLE, RSVP_YES, AVAILABLE, DEFAULT_PROVIDER_MUSIC, RSVP_INTERESTED, DEFAULT_PROVIDER_CALLING, RSVP_NO | IN:DELETE: REMINDER, ALARM, TIMER, PLAYLIST_MUSIC | IN:CREATE: ALARM, REMINDER, CALL, PLAYLIST_MUSIC, TIMER | IN:QUESTION: NEWS, MUSIC | IN:PLAY: MUSIC, MEDIA | IN:END: CALL | IN:IGNORE: CALL | IN:UPDATE: CALL, REMINDER_DATE_TIME, REMINDER_TODO, TIMER, METHOD_CALL, ALARM, REMINDER_LOCATION, REMINDER | IN:PAUSE: MUSIC, TIMER | IN:ANSWER: CALL | IN:SNOOZE: ALARM | IN:IS: TRUE_RECIPES | IN:REMOVE: FROM_PLAYLIST_MUSIC | IN:ADD: TIME_TIMER, TO_PLAYLIST_MUSIC | IN:SHARE: EVENT | IN:PREFER:  | IN:START: SHUFFLE_MUSIC | IN:SILENCE: ALARM | IN:SWITCH: CALL | IN:SUBTRACT: TIME_TIMER | IN:PREVIOUS: TRACK_MUSIC | IN:HOLD: CALL | IN:SKIP: TRACK_MUSIC | IN:LIKE: MUSIC | IN:RESTART: TIMER | IN:RESUME: TIMER, CALL, MUSIC | IN:MERGE: CALL | IN:REPLAY: MUSIC | IN:LOOP: MUSIC | IN:STOP: MUSIC, SHUFFLE_MUSIC | IN:UNLOOP: MUSIC | IN:CANCEL: MESSAGE, CALL | IN:REWIND: MUSIC | IN:REPEAT: ALL_MUSIC, ALL_OFF_MUSIC | IN:FAST: FORWARD_MUSIC | IN:DISLIKE: MUSIC | IN:DISPREFER:  | IN:HELP: REMINDER | IN:FOLLOW: MUSIC",
        "target": "[IN:GET_MESSAGE [SL:CONTACT Angelika Kratzer ] [SL:TYPE_CONTENT video ] [SL:RECIPIENT me ] ]",
        "struct_in": "IN:GET: MESSAGE, WEATHER, ALARM, INFO_RECIPES, STORIES_NEWS, REMINDER, RECIPES, EVENT, CALL_TIME, LIFE_EVENT, INFO_CONTACT, CONTACT, TIMER, REMINDER_DATE_TIME, AGE, SUNRISE, EMPLOYER, EDUCATION_TIME, JOB, AVAILABILITY, CATEGORY_EVENT, CALL, EMPLOYMENT_TIME, CALL_CONTACT, LOCATION, TRACK_INFO_MUSIC, SUNSET, MUTUAL_FRIENDS, UNDERGRAD, REMINDER_LOCATION, ATTENDEE_EVENT, MESSAGE_CONTACT, REMINDER_AMOUNT, DATE_TIME_EVENT, DETAILS_NEWS, EDUCATION_DEGREE, MAJOR, CONTACT_METHOD, LIFE_EVENT_TIME, LYRICS_MUSIC, AIRQUALITY, LANGUAGE, GENDER, GROUP | IN:SEND: MESSAGE | IN:SET: UNAVAILABLE, RSVP_YES, AVAILABLE, DEFAULT_PROVIDER_MUSIC, RSVP_INTERESTED, DEFAULT_PROVIDER_CALLING, RSVP_NO | IN:DELETE: REMINDER, ALARM, TIMER, PLAYLIST_MUSIC | IN:CREATE: ALARM, REMINDER, CALL, PLAYLIST_MUSIC, TIMER | IN:QUESTION: NEWS, MUSIC | IN:PLAY: MUSIC, MEDIA | IN:END: CALL | IN:IGNORE: CALL | IN:UPDATE: CALL, REMINDER_DATE_TIME, REMINDER_TODO, TIMER, METHOD_CALL, ALARM, REMINDER_LOCATION, REMINDER | IN:PAUSE: MUSIC, TIMER | IN:ANSWER: CALL | IN:SNOOZE: ALARM | IN:IS: TRUE_RECIPES | IN:REMOVE: FROM_PLAYLIST_MUSIC | IN:ADD: TIME_TIMER, TO_PLAYLIST_MUSIC | IN:SHARE: EVENT | IN:PREFER:  | IN:START: SHUFFLE_MUSIC | IN:SILENCE: ALARM | IN:SWITCH: CALL | IN:SUBTRACT: TIME_TIMER | IN:PREVIOUS: TRACK_MUSIC | IN:HOLD: CALL | IN:SKIP: TRACK_MUSIC | IN:LIKE: MUSIC | IN:RESTART: TIMER | IN:RESUME: TIMER, CALL, MUSIC | IN:MERGE: CALL | IN:REPLAY: MUSIC | IN:LOOP: MUSIC | IN:STOP: MUSIC, SHUFFLE_MUSIC | IN:UNLOOP: MUSIC | IN:CANCEL: MESSAGE, CALL | IN:REWIND: MUSIC | IN:REPEAT: ALL_MUSIC, ALL_OFF_MUSIC | IN:FAST: FORWARD_MUSIC | IN:DISLIKE: MUSIC | IN:DISPREFER:  | IN:HELP: REMINDER | IN:FOLLOW: MUSIC",
        "text_in": "Has Angelika Kratzer video messaged me ?",
        "seq_out": "[IN:GET_MESSAGE [SL:CONTACT Angelika Kratzer ] [SL:TYPE_CONTENT video ] [SL:RECIPIENT me ] ]"
    },
    {
        "input": "Maricopa County weather forecast for this week",
        "structure": "IN:GET: MESSAGE, WEATHER, ALARM, INFO_RECIPES, STORIES_NEWS, REMINDER, RECIPES, EVENT, CALL_TIME, LIFE_EVENT, INFO_CONTACT, CONTACT, TIMER, REMINDER_DATE_TIME, AGE, SUNRISE, EMPLOYER, EDUCATION_TIME, JOB, AVAILABILITY, CATEGORY_EVENT, CALL, EMPLOYMENT_TIME, CALL_CONTACT, LOCATION, TRACK_INFO_MUSIC, SUNSET, MUTUAL_FRIENDS, UNDERGRAD, REMINDER_LOCATION, ATTENDEE_EVENT, MESSAGE_CONTACT, REMINDER_AMOUNT, DATE_TIME_EVENT, DETAILS_NEWS, EDUCATION_DEGREE, MAJOR, CONTACT_METHOD, LIFE_EVENT_TIME, LYRICS_MUSIC, AIRQUALITY, LANGUAGE, GENDER, GROUP | IN:SEND: MESSAGE | IN:SET: UNAVAILABLE, RSVP_YES, AVAILABLE, DEFAULT_PROVIDER_MUSIC, RSVP_INTERESTED, DEFAULT_PROVIDER_CALLING, RSVP_NO | IN:DELETE: REMINDER, ALARM, TIMER, PLAYLIST_MUSIC | IN:CREATE: ALARM, REMINDER, CALL, PLAYLIST_MUSIC, TIMER | IN:QUESTION: NEWS, MUSIC | IN:PLAY: MUSIC, MEDIA | IN:END: CALL | IN:IGNORE: CALL | IN:UPDATE: CALL, REMINDER_DATE_TIME, REMINDER_TODO, TIMER, METHOD_CALL, ALARM, REMINDER_LOCATION, REMINDER | IN:PAUSE: MUSIC, TIMER | IN:ANSWER: CALL | IN:SNOOZE: ALARM | IN:IS: TRUE_RECIPES | IN:REMOVE: FROM_PLAYLIST_MUSIC | IN:ADD: TIME_TIMER, TO_PLAYLIST_MUSIC | IN:SHARE: EVENT | IN:PREFER:  | IN:START: SHUFFLE_MUSIC | IN:SILENCE: ALARM | IN:SWITCH: CALL | IN:SUBTRACT: TIME_TIMER | IN:PREVIOUS: TRACK_MUSIC | IN:HOLD: CALL | IN:SKIP: TRACK_MUSIC | IN:LIKE: MUSIC | IN:RESTART: TIMER | IN:RESUME: TIMER, CALL, MUSIC | IN:MERGE: CALL | IN:REPLAY: MUSIC | IN:LOOP: MUSIC | IN:STOP: MUSIC, SHUFFLE_MUSIC | IN:UNLOOP: MUSIC | IN:CANCEL: MESSAGE, CALL | IN:REWIND: MUSIC | IN:REPEAT: ALL_MUSIC, ALL_OFF_MUSIC | IN:FAST: FORWARD_MUSIC | IN:DISLIKE: MUSIC | IN:DISPREFER:  | IN:HELP: REMINDER | IN:FOLLOW: MUSIC",
        "target": "[IN:GET_WEATHER [SL:LOCATION Maricopa County ] [SL:DATE_TIME for this week ] ]",
        "struct_in": "IN:GET: MESSAGE, WEATHER, ALARM, INFO_RECIPES, STORIES_NEWS, REMINDER, RECIPES, EVENT, CALL_TIME, LIFE_EVENT, INFO_CONTACT, CONTACT, TIMER, REMINDER_DATE_TIME, AGE, SUNRISE, EMPLOYER, EDUCATION_TIME, JOB, AVAILABILITY, CATEGORY_EVENT, CALL, EMPLOYMENT_TIME, CALL_CONTACT, LOCATION, TRACK_INFO_MUSIC, SUNSET, MUTUAL_FRIENDS, UNDERGRAD, REMINDER_LOCATION, ATTENDEE_EVENT, MESSAGE_CONTACT, REMINDER_AMOUNT, DATE_TIME_EVENT, DETAILS_NEWS, EDUCATION_DEGREE, MAJOR, CONTACT_METHOD, LIFE_EVENT_TIME, LYRICS_MUSIC, AIRQUALITY, LANGUAGE, GENDER, GROUP | IN:SEND: MESSAGE | IN:SET: UNAVAILABLE, RSVP_YES, AVAILABLE, DEFAULT_PROVIDER_MUSIC, RSVP_INTERESTED, DEFAULT_PROVIDER_CALLING, RSVP_NO | IN:DELETE: REMINDER, ALARM, TIMER, PLAYLIST_MUSIC | IN:CREATE: ALARM, REMINDER, CALL, PLAYLIST_MUSIC, TIMER | IN:QUESTION: NEWS, MUSIC | IN:PLAY: MUSIC, MEDIA | IN:END: CALL | IN:IGNORE: CALL | IN:UPDATE: CALL, REMINDER_DATE_TIME, REMINDER_TODO, TIMER, METHOD_CALL, ALARM, REMINDER_LOCATION, REMINDER | IN:PAUSE: MUSIC, TIMER | IN:ANSWER: CALL | IN:SNOOZE: ALARM | IN:IS: TRUE_RECIPES | IN:REMOVE: FROM_PLAYLIST_MUSIC | IN:ADD: TIME_TIMER, TO_PLAYLIST_MUSIC | IN:SHARE: EVENT | IN:PREFER:  | IN:START: SHUFFLE_MUSIC | IN:SILENCE: ALARM | IN:SWITCH: CALL | IN:SUBTRACT: TIME_TIMER | IN:PREVIOUS: TRACK_MUSIC | IN:HOLD: CALL | IN:SKIP: TRACK_MUSIC | IN:LIKE: MUSIC | IN:RESTART: TIMER | IN:RESUME: TIMER, CALL, MUSIC | IN:MERGE: CALL | IN:REPLAY: MUSIC | IN:LOOP: MUSIC | IN:STOP: MUSIC, SHUFFLE_MUSIC | IN:UNLOOP: MUSIC | IN:CANCEL: MESSAGE, CALL | IN:REWIND: MUSIC | IN:REPEAT: ALL_MUSIC, ALL_OFF_MUSIC | IN:FAST: FORWARD_MUSIC | IN:DISLIKE: MUSIC | IN:DISPREFER:  | IN:HELP: REMINDER | IN:FOLLOW: MUSIC",
        "text_in": "Maricopa County weather forecast for this week",
        "seq_out": "[IN:GET_WEATHER [SL:LOCATION Maricopa County ] [SL:DATE_TIME for this week ] ]"
    },
    {
        "input": "When will my next alarm start",
        "structure": "IN:GET: MESSAGE, WEATHER, ALARM, INFO_RECIPES, STORIES_NEWS, REMINDER, RECIPES, EVENT, CALL_TIME, LIFE_EVENT, INFO_CONTACT, CONTACT, TIMER, REMINDER_DATE_TIME, AGE, SUNRISE, EMPLOYER, EDUCATION_TIME, JOB, AVAILABILITY, CATEGORY_EVENT, CALL, EMPLOYMENT_TIME, CALL_CONTACT, LOCATION, TRACK_INFO_MUSIC, SUNSET, MUTUAL_FRIENDS, UNDERGRAD, REMINDER_LOCATION, ATTENDEE_EVENT, MESSAGE_CONTACT, REMINDER_AMOUNT, DATE_TIME_EVENT, DETAILS_NEWS, EDUCATION_DEGREE, MAJOR, CONTACT_METHOD, LIFE_EVENT_TIME, LYRICS_MUSIC, AIRQUALITY, LANGUAGE, GENDER, GROUP | IN:SEND: MESSAGE | IN:SET: UNAVAILABLE, RSVP_YES, AVAILABLE, DEFAULT_PROVIDER_MUSIC, RSVP_INTERESTED, DEFAULT_PROVIDER_CALLING, RSVP_NO | IN:DELETE: REMINDER, ALARM, TIMER, PLAYLIST_MUSIC | IN:CREATE: ALARM, REMINDER, CALL, PLAYLIST_MUSIC, TIMER | IN:QUESTION: NEWS, MUSIC | IN:PLAY: MUSIC, MEDIA | IN:END: CALL | IN:IGNORE: CALL | IN:UPDATE: CALL, REMINDER_DATE_TIME, REMINDER_TODO, TIMER, METHOD_CALL, ALARM, REMINDER_LOCATION, REMINDER | IN:PAUSE: MUSIC, TIMER | IN:ANSWER: CALL | IN:SNOOZE: ALARM | IN:IS: TRUE_RECIPES | IN:REMOVE: FROM_PLAYLIST_MUSIC | IN:ADD: TIME_TIMER, TO_PLAYLIST_MUSIC | IN:SHARE: EVENT | IN:PREFER:  | IN:START: SHUFFLE_MUSIC | IN:SILENCE: ALARM | IN:SWITCH: CALL | IN:SUBTRACT: TIME_TIMER | IN:PREVIOUS: TRACK_MUSIC | IN:HOLD: CALL | IN:SKIP: TRACK_MUSIC | IN:LIKE: MUSIC | IN:RESTART: TIMER | IN:RESUME: TIMER, CALL, MUSIC | IN:MERGE: CALL | IN:REPLAY: MUSIC | IN:LOOP: MUSIC | IN:STOP: MUSIC, SHUFFLE_MUSIC | IN:UNLOOP: MUSIC | IN:CANCEL: MESSAGE, CALL | IN:REWIND: MUSIC | IN:REPEAT: ALL_MUSIC, ALL_OFF_MUSIC | IN:FAST: FORWARD_MUSIC | IN:DISLIKE: MUSIC | IN:DISPREFER:  | IN:HELP: REMINDER | IN:FOLLOW: MUSIC",
        "target": "[IN:GET_ALARM [SL:ORDINAL next ] ]",
        "struct_in": "IN:GET: MESSAGE, WEATHER, ALARM, INFO_RECIPES, STORIES_NEWS, REMINDER, RECIPES, EVENT, CALL_TIME, LIFE_EVENT, INFO_CONTACT, CONTACT, TIMER, REMINDER_DATE_TIME, AGE, SUNRISE, EMPLOYER, EDUCATION_TIME, JOB, AVAILABILITY, CATEGORY_EVENT, CALL, EMPLOYMENT_TIME, CALL_CONTACT, LOCATION, TRACK_INFO_MUSIC, SUNSET, MUTUAL_FRIENDS, UNDERGRAD, REMINDER_LOCATION, ATTENDEE_EVENT, MESSAGE_CONTACT, REMINDER_AMOUNT, DATE_TIME_EVENT, DETAILS_NEWS, EDUCATION_DEGREE, MAJOR, CONTACT_METHOD, LIFE_EVENT_TIME, LYRICS_MUSIC, AIRQUALITY, LANGUAGE, GENDER, GROUP | IN:SEND: MESSAGE | IN:SET: UNAVAILABLE, RSVP_YES, AVAILABLE, DEFAULT_PROVIDER_MUSIC, RSVP_INTERESTED, DEFAULT_PROVIDER_CALLING, RSVP_NO | IN:DELETE: REMINDER, ALARM, TIMER, PLAYLIST_MUSIC | IN:CREATE: ALARM, REMINDER, CALL, PLAYLIST_MUSIC, TIMER | IN:QUESTION: NEWS, MUSIC | IN:PLAY: MUSIC, MEDIA | IN:END: CALL | IN:IGNORE: CALL | IN:UPDATE: CALL, REMINDER_DATE_TIME, REMINDER_TODO, TIMER, METHOD_CALL, ALARM, REMINDER_LOCATION, REMINDER | IN:PAUSE: MUSIC, TIMER | IN:ANSWER: CALL | IN:SNOOZE: ALARM | IN:IS: TRUE_RECIPES | IN:REMOVE: FROM_PLAYLIST_MUSIC | IN:ADD: TIME_TIMER, TO_PLAYLIST_MUSIC | IN:SHARE: EVENT | IN:PREFER:  | IN:START: SHUFFLE_MUSIC | IN:SILENCE: ALARM | IN:SWITCH: CALL | IN:SUBTRACT: TIME_TIMER | IN:PREVIOUS: TRACK_MUSIC | IN:HOLD: CALL | IN:SKIP: TRACK_MUSIC | IN:LIKE: MUSIC | IN:RESTART: TIMER | IN:RESUME: TIMER, CALL, MUSIC | IN:MERGE: CALL | IN:REPLAY: MUSIC | IN:LOOP: MUSIC | IN:STOP: MUSIC, SHUFFLE_MUSIC | IN:UNLOOP: MUSIC | IN:CANCEL: MESSAGE, CALL | IN:REWIND: MUSIC | IN:REPEAT: ALL_MUSIC, ALL_OFF_MUSIC | IN:FAST: FORWARD_MUSIC | IN:DISLIKE: MUSIC | IN:DISPREFER:  | IN:HELP: REMINDER | IN:FOLLOW: MUSIC",
        "text_in": "When will my next alarm start",
        "seq_out": "[IN:GET_ALARM [SL:ORDINAL next ] ]"
    },
    {
        "input": "text Matthew and Helen that are you free",
        "structure": "IN:GET: MESSAGE, WEATHER, ALARM, INFO_RECIPES, STORIES_NEWS, REMINDER, RECIPES, EVENT, CALL_TIME, LIFE_EVENT, INFO_CONTACT, CONTACT, TIMER, REMINDER_DATE_TIME, AGE, SUNRISE, EMPLOYER, EDUCATION_TIME, JOB, AVAILABILITY, CATEGORY_EVENT, CALL, EMPLOYMENT_TIME, CALL_CONTACT, LOCATION, TRACK_INFO_MUSIC, SUNSET, MUTUAL_FRIENDS, UNDERGRAD, REMINDER_LOCATION, ATTENDEE_EVENT, MESSAGE_CONTACT, REMINDER_AMOUNT, DATE_TIME_EVENT, DETAILS_NEWS, EDUCATION_DEGREE, MAJOR, CONTACT_METHOD, LIFE_EVENT_TIME, LYRICS_MUSIC, AIRQUALITY, LANGUAGE, GENDER, GROUP | IN:SEND: MESSAGE | IN:SET: UNAVAILABLE, RSVP_YES, AVAILABLE, DEFAULT_PROVIDER_MUSIC, RSVP_INTERESTED, DEFAULT_PROVIDER_CALLING, RSVP_NO | IN:DELETE: REMINDER, ALARM, TIMER, PLAYLIST_MUSIC | IN:CREATE: ALARM, REMINDER, CALL, PLAYLIST_MUSIC, TIMER | IN:QUESTION: NEWS, MUSIC | IN:PLAY: MUSIC, MEDIA | IN:END: CALL | IN:IGNORE: CALL | IN:UPDATE: CALL, REMINDER_DATE_TIME, REMINDER_TODO, TIMER, METHOD_CALL, ALARM, REMINDER_LOCATION, REMINDER | IN:PAUSE: MUSIC, TIMER | IN:ANSWER: CALL | IN:SNOOZE: ALARM | IN:IS: TRUE_RECIPES | IN:REMOVE: FROM_PLAYLIST_MUSIC | IN:ADD: TIME_TIMER, TO_PLAYLIST_MUSIC | IN:SHARE: EVENT | IN:PREFER:  | IN:START: SHUFFLE_MUSIC | IN:SILENCE: ALARM | IN:SWITCH: CALL | IN:SUBTRACT: TIME_TIMER | IN:PREVIOUS: TRACK_MUSIC | IN:HOLD: CALL | IN:SKIP: TRACK_MUSIC | IN:LIKE: MUSIC | IN:RESTART: TIMER | IN:RESUME: TIMER, CALL, MUSIC | IN:MERGE: CALL | IN:REPLAY: MUSIC | IN:LOOP: MUSIC | IN:STOP: MUSIC, SHUFFLE_MUSIC | IN:UNLOOP: MUSIC | IN:CANCEL: MESSAGE, CALL | IN:REWIND: MUSIC | IN:REPEAT: ALL_MUSIC, ALL_OFF_MUSIC | IN:FAST: FORWARD_MUSIC | IN:DISLIKE: MUSIC | IN:DISPREFER:  | IN:HELP: REMINDER | IN:FOLLOW: MUSIC",
        "target": "[IN:SEND_MESSAGE [SL:RECIPIENT Matthew ] [SL:RECIPIENT Helen ] [SL:CONTENT_EXACT are you free ] ]",
        "struct_in": "IN:GET: MESSAGE, WEATHER, ALARM, INFO_RECIPES, STORIES_NEWS, REMINDER, RECIPES, EVENT, CALL_TIME, LIFE_EVENT, INFO_CONTACT, CONTACT, TIMER, REMINDER_DATE_TIME, AGE, SUNRISE, EMPLOYER, EDUCATION_TIME, JOB, AVAILABILITY, CATEGORY_EVENT, CALL, EMPLOYMENT_TIME, CALL_CONTACT, LOCATION, TRACK_INFO_MUSIC, SUNSET, MUTUAL_FRIENDS, UNDERGRAD, REMINDER_LOCATION, ATTENDEE_EVENT, MESSAGE_CONTACT, REMINDER_AMOUNT, DATE_TIME_EVENT, DETAILS_NEWS, EDUCATION_DEGREE, MAJOR, CONTACT_METHOD, LIFE_EVENT_TIME, LYRICS_MUSIC, AIRQUALITY, LANGUAGE, GENDER, GROUP | IN:SEND: MESSAGE | IN:SET: UNAVAILABLE, RSVP_YES, AVAILABLE, DEFAULT_PROVIDER_MUSIC, RSVP_INTERESTED, DEFAULT_PROVIDER_CALLING, RSVP_NO | IN:DELETE: REMINDER, ALARM, TIMER, PLAYLIST_MUSIC | IN:CREATE: ALARM, REMINDER, CALL, PLAYLIST_MUSIC, TIMER | IN:QUESTION: NEWS, MUSIC | IN:PLAY: MUSIC, MEDIA | IN:END: CALL | IN:IGNORE: CALL | IN:UPDATE: CALL, REMINDER_DATE_TIME, REMINDER_TODO, TIMER, METHOD_CALL, ALARM, REMINDER_LOCATION, REMINDER | IN:PAUSE: MUSIC, TIMER | IN:ANSWER: CALL | IN:SNOOZE: ALARM | IN:IS: TRUE_RECIPES | IN:REMOVE: FROM_PLAYLIST_MUSIC | IN:ADD: TIME_TIMER, TO_PLAYLIST_MUSIC | IN:SHARE: EVENT | IN:PREFER:  | IN:START: SHUFFLE_MUSIC | IN:SILENCE: ALARM | IN:SWITCH: CALL | IN:SUBTRACT: TIME_TIMER | IN:PREVIOUS: TRACK_MUSIC | IN:HOLD: CALL | IN:SKIP: TRACK_MUSIC | IN:LIKE: MUSIC | IN:RESTART: TIMER | IN:RESUME: TIMER, CALL, MUSIC | IN:MERGE: CALL | IN:REPLAY: MUSIC | IN:LOOP: MUSIC | IN:STOP: MUSIC, SHUFFLE_MUSIC | IN:UNLOOP: MUSIC | IN:CANCEL: MESSAGE, CALL | IN:REWIND: MUSIC | IN:REPEAT: ALL_MUSIC, ALL_OFF_MUSIC | IN:FAST: FORWARD_MUSIC | IN:DISLIKE: MUSIC | IN:DISPREFER:  | IN:HELP: REMINDER | IN:FOLLOW: MUSIC",
        "text_in": "text Matthew and Helen that are you free",
        "seq_out": "[IN:SEND_MESSAGE [SL:RECIPIENT Matthew ] [SL:RECIPIENT Helen ] [SL:CONTENT_EXACT are you free ] ]"
    },
    {
        "input": "what ingredients do is have left",
        "structure": "IN:GET: MESSAGE, WEATHER, ALARM, INFO_RECIPES, STORIES_NEWS, REMINDER, RECIPES, EVENT, CALL_TIME, LIFE_EVENT, INFO_CONTACT, CONTACT, TIMER, REMINDER_DATE_TIME, AGE, SUNRISE, EMPLOYER, EDUCATION_TIME, JOB, AVAILABILITY, CATEGORY_EVENT, CALL, EMPLOYMENT_TIME, CALL_CONTACT, LOCATION, TRACK_INFO_MUSIC, SUNSET, MUTUAL_FRIENDS, UNDERGRAD, REMINDER_LOCATION, ATTENDEE_EVENT, MESSAGE_CONTACT, REMINDER_AMOUNT, DATE_TIME_EVENT, DETAILS_NEWS, EDUCATION_DEGREE, MAJOR, CONTACT_METHOD, LIFE_EVENT_TIME, LYRICS_MUSIC, AIRQUALITY, LANGUAGE, GENDER, GROUP | IN:SEND: MESSAGE | IN:SET: UNAVAILABLE, RSVP_YES, AVAILABLE, DEFAULT_PROVIDER_MUSIC, RSVP_INTERESTED, DEFAULT_PROVIDER_CALLING, RSVP_NO | IN:DELETE: REMINDER, ALARM, TIMER, PLAYLIST_MUSIC | IN:CREATE: ALARM, REMINDER, CALL, PLAYLIST_MUSIC, TIMER | IN:QUESTION: NEWS, MUSIC | IN:PLAY: MUSIC, MEDIA | IN:END: CALL | IN:IGNORE: CALL | IN:UPDATE: CALL, REMINDER_DATE_TIME, REMINDER_TODO, TIMER, METHOD_CALL, ALARM, REMINDER_LOCATION, REMINDER | IN:PAUSE: MUSIC, TIMER | IN:ANSWER: CALL | IN:SNOOZE: ALARM | IN:IS: TRUE_RECIPES | IN:REMOVE: FROM_PLAYLIST_MUSIC | IN:ADD: TIME_TIMER, TO_PLAYLIST_MUSIC | IN:SHARE: EVENT | IN:PREFER:  | IN:START: SHUFFLE_MUSIC | IN:SILENCE: ALARM | IN:SWITCH: CALL | IN:SUBTRACT: TIME_TIMER | IN:PREVIOUS: TRACK_MUSIC | IN:HOLD: CALL | IN:SKIP: TRACK_MUSIC | IN:LIKE: MUSIC | IN:RESTART: TIMER | IN:RESUME: TIMER, CALL, MUSIC | IN:MERGE: CALL | IN:REPLAY: MUSIC | IN:LOOP: MUSIC | IN:STOP: MUSIC, SHUFFLE_MUSIC | IN:UNLOOP: MUSIC | IN:CANCEL: MESSAGE, CALL | IN:REWIND: MUSIC | IN:REPEAT: ALL_MUSIC, ALL_OFF_MUSIC | IN:FAST: FORWARD_MUSIC | IN:DISLIKE: MUSIC | IN:DISPREFER:  | IN:HELP: REMINDER | IN:FOLLOW: MUSIC",
        "target": "[IN:GET_INFO_RECIPES [SL:RECIPES_ATTRIBUTE ingredients ] ]",
        "struct_in": "IN:GET: MESSAGE, WEATHER, ALARM, INFO_RECIPES, STORIES_NEWS, REMINDER, RECIPES, EVENT, CALL_TIME, LIFE_EVENT, INFO_CONTACT, CONTACT, TIMER, REMINDER_DATE_TIME, AGE, SUNRISE, EMPLOYER, EDUCATION_TIME, JOB, AVAILABILITY, CATEGORY_EVENT, CALL, EMPLOYMENT_TIME, CALL_CONTACT, LOCATION, TRACK_INFO_MUSIC, SUNSET, MUTUAL_FRIENDS, UNDERGRAD, REMINDER_LOCATION, ATTENDEE_EVENT, MESSAGE_CONTACT, REMINDER_AMOUNT, DATE_TIME_EVENT, DETAILS_NEWS, EDUCATION_DEGREE, MAJOR, CONTACT_METHOD, LIFE_EVENT_TIME, LYRICS_MUSIC, AIRQUALITY, LANGUAGE, GENDER, GROUP | IN:SEND: MESSAGE | IN:SET: UNAVAILABLE, RSVP_YES, AVAILABLE, DEFAULT_PROVIDER_MUSIC, RSVP_INTERESTED, DEFAULT_PROVIDER_CALLING, RSVP_NO | IN:DELETE: REMINDER, ALARM, TIMER, PLAYLIST_MUSIC | IN:CREATE: ALARM, REMINDER, CALL, PLAYLIST_MUSIC, TIMER | IN:QUESTION: NEWS, MUSIC | IN:PLAY: MUSIC, MEDIA | IN:END: CALL | IN:IGNORE: CALL | IN:UPDATE: CALL, REMINDER_DATE_TIME, REMINDER_TODO, TIMER, METHOD_CALL, ALARM, REMINDER_LOCATION, REMINDER | IN:PAUSE: MUSIC, TIMER | IN:ANSWER: CALL | IN:SNOOZE: ALARM | IN:IS: TRUE_RECIPES | IN:REMOVE: FROM_PLAYLIST_MUSIC | IN:ADD: TIME_TIMER, TO_PLAYLIST_MUSIC | IN:SHARE: EVENT | IN:PREFER:  | IN:START: SHUFFLE_MUSIC | IN:SILENCE: ALARM | IN:SWITCH: CALL | IN:SUBTRACT: TIME_TIMER | IN:PREVIOUS: TRACK_MUSIC | IN:HOLD: CALL | IN:SKIP: TRACK_MUSIC | IN:LIKE: MUSIC | IN:RESTART: TIMER | IN:RESUME: TIMER, CALL, MUSIC | IN:MERGE: CALL | IN:REPLAY: MUSIC | IN:LOOP: MUSIC | IN:STOP: MUSIC, SHUFFLE_MUSIC | IN:UNLOOP: MUSIC | IN:CANCEL: MESSAGE, CALL | IN:REWIND: MUSIC | IN:REPEAT: ALL_MUSIC, ALL_OFF_MUSIC | IN:FAST: FORWARD_MUSIC | IN:DISLIKE: MUSIC | IN:DISPREFER:  | IN:HELP: REMINDER | IN:FOLLOW: MUSIC",
        "text_in": "what ingredients do is have left",
        "seq_out": "[IN:GET_INFO_RECIPES [SL:RECIPES_ATTRIBUTE ingredients ] ]"
    }
]