{
    "TOP-NER--train--1": {
        "original dialog id": "",
        "dialog index": 1,
        "original dialog info": {
            "task": "BIO tag for Named Entity Recognition. The system response is the corresponding BIO format."
        },
        "log": {
            "turn id": 1,
            "user utterance": "How long will it take to drive from Chicago to Mississippi",
            "system response": "O O O O O O B-SL_METHOD_TRAVEL O B-SL_SOURCE O B-SL_DESTINATION",
            "dialog history": "",
            "original user side information": {},
            "original system side information": {
                "intent": "IN_GET_ESTIMATED_DURATION",
                "BOI": "O O O O O O B-SL_METHOD_TRAVEL O B-SL_SOURCE O B-SL_DESTINATION"
            },
            "external knowledge": ""
        }
    },
    "TOP-NER--train--2": {
        "original dialog id": "",
        "dialog index": 2,
        "original dialog info": {
            "task": "BIO tag for Named Entity Recognition. The system response is the corresponding BIO format."
        },
        "log": {
            "turn id": 1,
            "user utterance": "Will it take shorter to get to the White House by bus or taxi ?",
            "system response": "O O O O O O O O O O O O O O O",
            "dialog history": "",
            "original user side information": {},
            "original system side information": {
                "intent": "IN_UNSUPPORTED_NAVIGATION",
                "BOI": "O O O O O O O O O O O O O O O"
            },
            "external knowledge": ""
        }
    },
    "TOP-NER--train--3": {
        "original dialog id": "",
        "dialog index": 3,
        "original dialog info": {
            "task": "BIO tag for Named Entity Recognition. The system response is the corresponding BIO format."
        },
        "log": {
            "turn id": 1,
            "user utterance": "will I make it to the beach by noon if I leave now",
            "system response": "O O O O O B-SL_DESTINATION_IN_GET_LOCATION_SL_CATEGORY_LOCATION I-SL_DESTINATION_IN_GET_LOCATION_SL_CATEGORY_LOCATION B-SL_DATE_TIME_ARRIVAL I-SL_DATE_TIME_ARRIVAL O O O B-SL_DATE_TIME_DEPARTURE",
            "dialog history": "",
            "original user side information": {},
            "original system side information": {
                "intent": "IN_GET_ESTIMATED_ARRIVAL",
                "BOI": "O O O O O B-SL_DESTINATION_IN_GET_LOCATION_SL_CATEGORY_LOCATION I-SL_DESTINATION_IN_GET_LOCATION_SL_CATEGORY_LOCATION B-SL_DATE_TIME_ARRIVAL I-SL_DATE_TIME_ARRIVAL O O O B-SL_DATE_TIME_DEPARTURE"
            },
            "external knowledge": ""
        }
    },
    "TOP-NER--train--4": {
        "original dialog id": "",
        "dialog index": 4,
        "original dialog info": {
            "task": "BIO tag for Named Entity Recognition. The system response is the corresponding BIO format."
        },
        "log": {
            "turn id": 1,
            "user utterance": "When should I leave my house to get to the Hamilton Mall right when it opens on Saturday",
            "system response": "O O O O B-SL_SOURCE_IN_GET_LOCATION_HOME_SL_CONTACT I-SL_SOURCE_IN_GET_LOCATION_HOME O O O B-SL_DESTINATION_IN_GET_LOCATION_SL_POINT_ON_MAP I-SL_DESTINATION_IN_GET_LOCATION_SL_POINT_ON_MAP I-SL_DESTINATION_IN_GET_LOCATION_SL_POINT_ON_MAP B-SL_DATE_TIME_ARRIVAL I-SL_DATE_TIME_ARRIVAL I-SL_DATE_TIME_ARRIVAL I-SL_DATE_TIME_ARRIVAL I-SL_DATE_TIME_ARRIVAL I-SL_DATE_TIME_ARRIVAL",
            "dialog history": "",
            "original user side information": {},
            "original system side information": {
                "intent": "IN_GET_ESTIMATED_DEPARTURE",
                "BOI": "O O O O B-SL_SOURCE_IN_GET_LOCATION_HOME_SL_CONTACT I-SL_SOURCE_IN_GET_LOCATION_HOME O O O B-SL_DESTINATION_IN_GET_LOCATION_SL_POINT_ON_MAP I-SL_DESTINATION_IN_GET_LOCATION_SL_POINT_ON_MAP I-SL_DESTINATION_IN_GET_LOCATION_SL_POINT_ON_MAP B-SL_DATE_TIME_ARRIVAL I-SL_DATE_TIME_ARRIVAL I-SL_DATE_TIME_ARRIVAL I-SL_DATE_TIME_ARRIVAL I-SL_DATE_TIME_ARRIVAL I-SL_DATE_TIME_ARRIVAL"
            },
            "external knowledge": ""
        }
    },
    "TOP-NER--train--5": {
        "original dialog id": "",
        "dialog index": 5,
        "original dialog info": {
            "task": "BIO tag for Named Entity Recognition. The system response is the corresponding BIO format."
        },
        "log": {
            "turn id": 1,
            "user utterance": "I need to know if there 's a lot of traffic on my way home",
            "system response": "O O O O O O O O O O O O O O B-SL_DESTINATION_IN_GET_LOCATION_HOME",
            "dialog history": "",
            "original user side information": {},
            "original system side information": {
                "intent": "IN_GET_INFO_TRAFFIC",
                "BOI": "O O O O O O O O O O O O O O B-SL_DESTINATION_IN_GET_LOCATION_HOME"
            },
            "external knowledge": ""
        }
    }
}